"utc","stage","event","status","detail"
"2026-09-02T03:28:14.0289441Z","SOURCE_IDENTITY","START","START","Stage started."
"2026-09-02T03:28:14.4699553Z","SOURCE_IDENTITY","END","PASS","Selective Wave 4B.2 implementation identity captured."
"2026-09-02T03:28:14.5312689Z","MIGRATION_STATUS","START","START","Stage started."
"2026-09-02T03:28:17.5243346Z","MIGRATION_STATUS","END","PASS","Live migration catalog query completed."
"2026-09-02T03:28:17.5690534Z","GATEWAY_VALIDATION","START","START","Stage started."
"2026-09-02T03:29:17.9426416Z","GATEWAY_VALIDATION","END","PASS","Gateway typecheck, route boundary, preserved Payload boundary, and live Forms/Announcements runtime proof."
"2026-09-02T03:29:18.2540138Z","ADMIN_BUILD","START","START","Stage started."
"2026-09-02T03:30:14.2986043Z","ADMIN_BUILD","END","PASS","Admin typecheck and production bundle proof."
"2026-09-02T03:30:14.3893745Z","BROWSER_PROOF","START","START","Stage started."
"2026-09-02T03:30:15.1307391Z","BROWSER_PROOF","END","PASS","Authenticated integrated-browser proof with desktop/mobile overflow and touch-media evidence."
"2026-09-02T03:30:15.4506587Z","CLEANUP","START","START","Stage started."
"2026-09-02T03:30:28.0957524Z","CLEANUP","END","PASS","Synthetic canary scope was transactionally cleaned and queried after runtime validation."
"2026-09-02T03:30:28.2127755Z","WORKTREE_CLASSIFICATION","START","START","Stage started."
"2026-09-02T03:30:29.2182892Z","WORKTREE_CLASSIFICATION","END","PASS","Full worktree status captured without staging or mutation."
"2026-09-02T03:30:29.3311431Z","CLOSEOUT","START","START","Stage started."
"2026-09-02T03:30:29.5136552Z","CLOSEOUT","END","PASS","Current Wave 4B.2 gates evaluated without Git or production actions."
