"canonical_locality_id","current_name_en","candidate_name_ar","review_status"
"LB-LOC-53624DE9A865","Aadbal","","unresolved"
"LB-LOC-F8782348CF9E","Aajjeh","","unresolved"
"LB-LOC-914B203B4FE7","Abdeh","","unresolved"
"LB-LOC-D5DD7786142B","Abou_Hanna","","unresolved"
"LB-LOC-380403BF8A4E","Achouriye","","unresolved"
"LB-LOC-DB5F06F50CF4","Adweh","","unresolved"
"LB-LOC-CB11AAC595C2","Aidamoun","","unresolved"
"LB-LOC-A64B93CD8D86","Ain_Akrine-AK","","unresolved"
"LB-LOC-FCFDDC886872","Ain_Yaaqoub","","unresolved"
"LB-LOC-4E05B01A2DBF","Ain_ech-Chqif","","unresolved"
"LB-LOC-328BABF92B01","Ain_ed-Dahab","","unresolved"
"LB-LOC-F826CBAFAA5F","Ain_et-Tine-AK","","unresolved"
"LB-LOC-B6E0445DF913","Ain_et-Tineh-AK","","unresolved"
"LB-LOC-FAAE67698E58","Ain_ez-Zouq","","unresolved"
"LB-LOC-CCA03F1190F2","Akkar_el-Atika","","unresolved"
"LB-LOC-CE7DB9E869D9","Akkar_el-Atika_Aala","","unresolved"
"LB-LOC-12B799DE66BB","Amaayer","","unresolved"
"LB-LOC-3763C2F4BB27","Amara","","unresolved"
"LB-LOC-B9006B065FA4","Ambeh","","unresolved"
"LB-LOC-4371EEF2814F","Andaket","","unresolved"
"LB-LOC-3489BEA5F617","Aqbeh","","unresolved"
"LB-LOC-FE27B0578FF0","Arqa","","unresolved"
"LB-LOC-C02F37CDD9CB","Ayat","","unresolved"
"LB-LOC-0F6186A4399B","Barqayel","","unresolved"
"LB-LOC-194044CB7A9F","Bebnine","","unresolved"
"LB-LOC-4DE322BBB013","Beit_Ayad","","unresolved"
"LB-LOC-12C8D17C3B52","Beit_Ayoub","","unresolved"
"LB-LOC-3676A5FD9E08","Beit_Challa","","unresolved"
"LB-LOC-60D8727EC9EC","Beit_Dawoud","","unresolved"
"LB-LOC-C3D3833BD810","Beit_Ghatas","","unresolved"
"LB-LOC-69096215F6E8","Beit_Hawik","","unresolved"
"LB-LOC-C744803BA4EC","Beit_Jaafar-AK","","unresolved"
"LB-LOC-C6D5FBBC8A46","Beit_Mellat","","unresolved"
"LB-LOC-42847D6188C8","Beit_Mleik","","unresolved"
"LB-LOC-F26A20DBC549","Beit_Younes","","unresolved"
"LB-LOC-C917AD1395B7","Beit_Younes_el-Aala","","unresolved"
"LB-LOC-87AF6A506314","Beit_el-Haj","","unresolved"
"LB-LOC-E1256D0D6759","Beit_el-Haj_Hassan","","unresolved"
"LB-LOC-ACAE1E490634","Beit_el-Qadi","","unresolved"
"LB-LOC-7365D28B0183","Bino-AK","","unresolved"
"LB-LOC-3B5FBE5042FD","Bireh","","unresolved"
"LB-LOC-A9C88A80B497","Bireh-AK","","unresolved"
"LB-LOC-5AE94721E014","Blaneh","","unresolved"
"LB-LOC-6F08286AD76D","Bniha","","unresolved"
"LB-LOC-30DFF735F16B","Bticha","","unresolved"
"LB-LOC-6453629EA650","Byoud","","unresolved"
"LB-LOC-53615AF9346D","Bzal","","unresolved"
"LB-LOC-D77C6D0BD7F8","Chaft","","unresolved"
"LB-LOC-C3DF64E0096A","Chane","","unresolved"
"LB-LOC-AA5F0B403A2B","Chdra","","unresolved"
"LB-LOC-8E672F405A1E","Cheikh_Ayache","","unresolved"
"LB-LOC-136F23CE1EBC","Cheikh_Mohammad","","unresolved"
"LB-LOC-B8EE8186CCDB","Cheikh_Taba","","unresolved"
"LB-LOC-5F68AC21939B","Daghleh","","unresolved"
"LB-LOC-32C841CAABD6","Dawsseh","","unresolved"
"LB-LOC-2C9FD6F7B4AA","Dbabiyeh","","unresolved"
"LB-LOC-55E703404D67","Dbabiyeh_el-Fawqa","","unresolved"
"LB-LOC-67510F4F9619","Deir_Jnine","","unresolved"
"LB-LOC-A8D525EC44EF","El-Achach","","unresolved"
"LB-LOC-66537561732A","El-Basatine","","unresolved"
"LB-LOC-E19D5FFBBA7E","El-Kniseh-AK","","unresolved"
"LB-LOC-42AFCEB6B23C","El-Qubbeh-AK","","unresolved"
"LB-LOC-7FA25B7EE41D","El-Qubbeh_ech-Chamaliye","","unresolved"
"LB-LOC-BFA6ABA93EE2","El_Qobaiyat","","unresolved"
"LB-LOC-9AD9DF4899BB","Faydha","","unresolved"
"LB-LOC-B47B7DAAFE43","Fnaideq","","unresolved"
"LB-LOC-3CA1AEB5BC4C","Fnaideq_el-Gharbiye","","unresolved"
"LB-LOC-1701EAD26C96","Hakour","","unresolved"
"LB-LOC-0ACBC221BDC4","Halba","","unresolved"
"LB-LOC-5BD697303EF3","Halba_el-Aalya","","unresolved"
"LB-LOC-D620767CD794","Halbata","","unresolved"
"LB-LOC-19BB8CED948A","Hamra-AK","","unresolved"
"LB-LOC-31760CC7E728","Hamraya","","unresolved"
"LB-LOC-164D04E72BA3","Haql_Hassan","","unresolved"
"LB-LOC-1DA9DC2E5953","Haql_el-Alam","","unresolved"
"LB-LOC-8CC9CB005B8A","Haqr_ed-Dahiri","","unresolved"
"LB-LOC-41D822E7F1D3","Harbata-AK","","unresolved"
"LB-LOC-0E5A46E865FF","Haret_el-Janneh","","unresolved"
"LB-LOC-13CAF4690B8E","Hbchit","","unresolved"
"LB-LOC-80A31984A3A8","Hnaydir","","unresolved"
"LB-LOC-0F84E0E8033B","Hnaydir_el-Aalya","","unresolved"
"LB-LOC-7EB191B706AE","Houch_es-Sayed_Ali","","unresolved"
"LB-LOC-A29EB5E95468","Hrar","","unresolved"
"LB-LOC-A27B0C29EF73","Hrara","","unresolved"
"LB-LOC-12840C10AF06","Hwacheb","","unresolved"
"LB-LOC-2136D1978975","Hwaych","","unresolved"
"LB-LOC-E89FB312EF2A","Jahiliye-AK","","unresolved"
"LB-LOC-9608EDACD13F","Jbraiel","","unresolved"
"LB-LOC-4CB683AE2E6C","Jdeidet_Akkar","","unresolved"
"LB-LOC-4F8AC423E56F","Jdeidet_el-Qaytaa","","unresolved"
"LB-LOC-A6BC225893B3","Jmaleh","","unresolved"
"LB-LOC-CB8B4D46E49F","Jord","","unresolved"
"LB-LOC-937F088D5B39","Karm_Asfour","","unresolved"
"LB-LOC-61266EE7C663","Kawthariyet_Akkar","","unresolved"
"LB-LOC-7EDD02EE2BAF","Kfar_Melki","","unresolved"
"LB-LOC-4491DA01E210","Kfartoun","","unresolved"
"LB-LOC-9D830004660F","Khan_el-Makhlaleh","","unresolved"
"LB-LOC-75270E53FA84","Kharnoub","","unresolved"
"LB-LOC-B2C1B7CB0906","Kheybat_ej-Jisr","","unresolved"
"LB-LOC-67B72B3EF246","Khirbet_Char","","unresolved"
"LB-LOC-65F96B55D106","Khirbet_ej-Jnein","","unresolved"
"LB-LOC-F446C5F6AE69","Khreibeh","","unresolved"
"LB-LOC-B9E40ED1E560","Khreybat_el-Jondi","","unresolved"
"LB-LOC-B22F8F1CCD0E","Koucha","","unresolved"
"LB-LOC-F268F0BEFC9F","Koucha_el-Aalya","","unresolved"
"LB-LOC-231521EC324B","Maarouboun","","unresolved"
"LB-LOC-EA89453D607B","Mazraat_Balda-AK","","unresolved"
"LB-LOC-15CD5AB97FFB","Mazraat_es-Sahl","","unresolved"
"LB-LOC-33E41FE0A08A","Mechha","","unresolved"
"LB-LOC-64F07EE78E94","Mechha_el-Akkariye","","unresolved"
"LB-LOC-9A4BA04DF886","Mechmech-AK","","unresolved"
"LB-LOC-789AB5A518F2","Mechmech_Akkar","","unresolved"
"LB-LOC-26EEEF38E69A","Mechta_Hammoud","","unresolved"
"LB-LOC-92417DA44FAC","Mechta_Hassan","","unresolved"
"LB-LOC-65571ABD7D73","Mechta_el-Mansoura","","unresolved"
"LB-LOC-483276F1AEF7","Menjez","","unresolved"
"LB-LOC-EDD7BFE366EC","Mghraq","","unresolved"
"LB-LOC-8E6592ACF4D7","Morreh","","unresolved"
"LB-LOC-C8D062D49764","Mqanneh","","unresolved"
"LB-LOC-CEFF45D87CC0","Mqaybleh","","unresolved"
"LB-LOC-C7AA0B703A04","Mqaymiye","","unresolved"
"LB-LOC-F8FC5728DB0E","Mqaysra","","unresolved"
"LB-LOC-846ACCB85317","Mqaytaa","","unresolved"
"LB-LOC-304FDF0D63F4","Mqraq","","unresolved"
"LB-LOC-033A07CF504E","Mwaylhe","","unresolved"
"LB-LOC-B1474B76800E","Nbaa_el-Bir","","unresolved"
"LB-LOC-09ED0A1EE55C","Qammoua","","unresolved"
"LB-LOC-76DF24178DE7","Qammoua_el-Aalya","","unresolved"
"LB-LOC-1A31AB72B3EA","Qarhayouna","","unresolved"
"LB-LOC-9032CB992BE9","Qayadreh","","unresolved"
"LB-LOC-0398AC3A1639","Qlayaa-AK","","unresolved"
"LB-LOC-61B3C3A633E1","Qobaiyat_el-Aalya","","unresolved"
"LB-LOC-6AD7BB30C097","Qorn_Akkar","","unresolved"
"LB-LOC-BB7D4120B8A3","Qorneh-AK","","unresolved"
"LB-LOC-2F116B229EBE","Rahbe","","unresolved"
"LB-LOC-984DBC0E8B95","Rahbe_el-Gharbiye","","unresolved"
"LB-LOC-BAC7E28670D9","Ras_Baalbek-AK","","unresolved"
"LB-LOC-FB3C17340F4B","Rwaysset_Akkar","","unresolved"
"LB-LOC-42B334B04F6F","Safinet_el-Qaytaa","","unresolved"
"LB-LOC-D95D4EB48474","Sahel_Alma-AK","","unresolved"
"LB-LOC-3807E0FD34D3","Sanbourah","","unresolved"
"LB-LOC-C78897BE2188","Saqia","","unresolved"
"LB-LOC-CAC2DF4673CE","Sfireh","","unresolved"
"LB-LOC-1D9D6BB181C3","Smaqiye","","unresolved"
"LB-LOC-89F44557728E","Srar","","unresolved"
"LB-LOC-8A887EC2BBEC","Tall_Abbas_ech-Charqi","","unresolved"
"LB-LOC-D1E27C886D99","Tall_Abbas_el-Gharbi","","unresolved"
"LB-LOC-703DD14E05F4","Tall_Bireh","","unresolved"
"LB-LOC-392676BFBF5C","Tall_Hamira","","unresolved"
"LB-LOC-1210F92878B1","Tall_Haya","","unresolved"
"LB-LOC-6FCC73EACF9D","Tall_Homs","","unresolved"
"LB-LOC-83718625E2A3","Tall_Kalakh","","unresolved"
"LB-LOC-5D0495937246","Tall_Maayan","","unresolved"
"LB-LOC-7B8A00BA5338","Tall_Majdel","","unresolved"
"LB-LOC-3F00D5FD7EF5","Tall_Nahas","","unresolved"
"LB-LOC-ED3C4B5D4247","Tikrit","","unresolved"
"LB-LOC-F713C3A2B93B","Tikrit_el-Aala","","unresolved"
"LB-LOC-C3333844C303","Tleil","","unresolved"
"LB-LOC-EB8283314F75","Tleil_el-Fawqa","","unresolved"
"LB-LOC-272066AAD126","Wadi_Khaled","","unresolved"
"LB-LOC-3C90AD1ACDBE","Wadi_ej-Jamous","","unresolved"
"LB-LOC-BDE4D736C87E","Wadi_ej-Jamous_ech-Charqi","","unresolved"
"LB-LOC-CE378FE8128F","Wadi_ej-Jamous_el-Gharbi","","unresolved"
"LB-LOC-40ED7ACAF369","Wadi_el-Hariq","","unresolved"
"LB-LOC-510296713BDE","Wadi_el-Hour","","unresolved"
"LB-LOC-B66B5BBF66B2","Wasta","","unresolved"
"LB-LOC-633840720CAE","Zouq_Bhanine","","unresolved"
"LB-LOC-C32B9AAA21E7","Zouq_el-Hosniye","","unresolved"
"LB-LOC-BAD392B148DE","Zouq_el-Jomaa","","unresolved"
"LB-LOC-7D1E2FE77186","Aalmat-BT","","unresolved"
"LB-LOC-BF5236F9570F","Aaqoura-BT","","unresolved"
"LB-LOC-BB3C493ED391","Abrine","","unresolved"
"LB-LOC-26B2CC945A62","Ain_el-Ghouaybeh-BT","","unresolved"
"LB-LOC-5585D40ECDD3","Batroun","","unresolved"
"LB-LOC-6503FE0A12EE","Batroun_el-Balad","","unresolved"
"LB-LOC-803B7E6E2C0A","Bchaaleh","","unresolved"
"LB-LOC-94B4BFD52506","Bchtoudar","","unresolved"
"LB-LOC-8ABCDA212641","Beit_Chlela","","unresolved"
"LB-LOC-CACF77D152D9","Bijjeh-BT","","unresolved"
"LB-LOC-E76A62380CC7","Bjaj","","unresolved"
"LB-LOC-CC7C47D584F0","Bjdarfel","","unresolved"
"LB-LOC-F82DCF154CA4","Btablat","","unresolved"
"LB-LOC-C5A34CB888B7","Btedii","","unresolved"
"LB-LOC-28A8E7066DD1","Bthnayel","","unresolved"
"LB-LOC-4722B019DF4E","Btroumine","","unresolved"
"LB-LOC-24C64D00E348","Chatine","","unresolved"
"LB-LOC-0912C410B726","Chikhan","","unresolved"
"LB-LOC-EB7F9134280A","Deir_el-Ballout","","unresolved"
"LB-LOC-191DED7EE627","Douma","","unresolved"
"LB-LOC-20EB6A766D66","Douma_el-Fawqa","","unresolved"
"LB-LOC-A37AECF7057F","Eddeh","","unresolved"
"LB-LOC-055C0FBC6471","Fghal","","unresolved"
"LB-LOC-95CE13F6BDB8","Habil","","unresolved"
"LB-LOC-F912703D20C7","Halba-BT","","unresolved"
"LB-LOC-A129940E5CC1","Hamat","","unresolved"
"LB-LOC-F69982B7E606","Hardine","","unresolved"
"LB-LOC-014CFD8CEA1A","Hardine-BT","","unresolved"
"LB-LOC-9C28088D8969","Hawqa","","unresolved"
"LB-LOC-0E32C8A307A0","Iden","","unresolved"
"LB-LOC-ADB5D4B39DE8","Jrane-BT","","unresolved"
"LB-LOC-82165709EA26","Kfar_Abida-BT","","unresolved"
"LB-LOC-1D9F06680A51","Kfar_Chlimane","","unresolved"
"LB-LOC-7CD7BE21D579","Kfar_Halda-BT","","unresolved"
"LB-LOC-06E22DD03AEA","Kfar_Hay-BT","","unresolved"
"LB-LOC-E0C61C385583","Kfar_Hlawa","","unresolved"
"LB-LOC-CE1BABE64309","Kfifane-BT","","unresolved"
"LB-LOC-613D1A74DDAA","Kfour_el-Arabi","","unresolved"
"LB-LOC-C2B6681FC5A2","Mghayreh-BT","","unresolved"
"LB-LOC-700CFD1070E7","Mouhammara-BT","","unresolved"
"LB-LOC-93B1253D042E","Mseilha","","unresolved"
"LB-LOC-64C035EAA741","Nbaa-BT","","unresolved"
"LB-LOC-ED5B1FAAC906","Qaytouleh","","unresolved"
"LB-LOC-7F5B562255E0","Rachkida","","unresolved"
"LB-LOC-47C8E7996010","Ras_Nhach-BT","","unresolved"
"LB-LOC-DE0A32411E6F","Salaa","","unresolved"
"LB-LOC-78B99565FCF6","Samanda","","unresolved"
"LB-LOC-10FE39373799","Saydet_en-Najat","","unresolved"
"LB-LOC-727D0F5D0B76","Sourat-BT","","unresolved"
"LB-LOC-565C557D4FA3","Tahom","","unresolved"
"LB-LOC-822A46FEA480","Tannourine","","unresolved"
"LB-LOC-F73268E85530","Tannourine_el-Fawqa","","unresolved"
"LB-LOC-40718AAA82D4","Tannourine_et-Tahta","","unresolved"
"LB-LOC-CA980F4AC6CE","Twaleh","","unresolved"
"LB-LOC-3B9FCBAAF9FB","Wata_Houb-BT","","unresolved"
"LB-LOC-DCED4F215FED","Abdine","","unresolved"
"LB-LOC-7AC3DC0F96F8","Achach-BS","","unresolved"
"LB-LOC-9B2FCA7E9C8B","Ain_Aata-BS","","unresolved"
"LB-LOC-CF9D55ACE9DF","Ain_et-Tineh-BS","","unresolved"
"LB-LOC-245CEC1B7EE3","Bane-BS","","unresolved"
"LB-LOC-2368651F9ED9","Beit_Mounzer","","unresolved"
"LB-LOC-C19473E9163C","Beit_Qasab","","unresolved"
"LB-LOC-4E16791675F2","Blouza","","unresolved"
"LB-LOC-24D44D71D0E0","Blouza_ech-Chamaliye","","unresolved"
"LB-LOC-3440DC5E8DF9","Bqaa_Kafra_Cedars","","unresolved"
"LB-LOC-E22F56ABAAA8","Brihlioun","","unresolved"
"LB-LOC-FFFC8D597A8F","Bsharri","","unresolved"
"LB-LOC-01732CB3EEC9","Bsharri_el-Aala","","unresolved"
"LB-LOC-EDA19EA18A68","Bsharri_el-Gharbiye","","unresolved"
"LB-LOC-597269700C8E","Bzaoun-BS","","unresolved"
"LB-LOC-8A5857947D85","Deir_Mar_Semaan","","unresolved"
"LB-LOC-C4B5496FEBA7","Dimane","","unresolved"
"LB-LOC-2E4E9AABB9B6","Hadath_el-Jubbe","","unresolved"
"LB-LOC-0F07926E2048","Hadath_el-Jubbe_el-Aalya","","unresolved"
"LB-LOC-95BFF279CE49","Hadchit","","unresolved"
"LB-LOC-76654BB78F48","Hasroun","","unresolved"
"LB-LOC-C17AEDF7A438","Hasroun_el-Fawqa","","unresolved"
"LB-LOC-644E4E06E95A","Mazraat_Bsharri","","unresolved"
"LB-LOC-6206266F8791","Mazraat_el-Arz","","unresolved"
"LB-LOC-9F1EF3DB32C6","Qarhaq","","unresolved"
"LB-LOC-050F24F59591","Qnat","","unresolved"
"LB-LOC-6BC10C22BB51","Taran-BS","","unresolved"
"LB-LOC-067C750BFE11","The_Cedars","","unresolved"
"LB-LOC-9AEB1AC2DEAA","Tourza-BS","","unresolved"
"LB-LOC-49E05034D9EC","Wadi_Qadisha","","unresolved"
"LB-LOC-1E6831EA640F","Aaba","","unresolved"
"LB-LOC-5EBF39D1F679","Abou_Halqa","","unresolved"
"LB-LOC-AB8516D99159","Afsdiq","","unresolved"
"LB-LOC-50F46A8AB8F2","Amioun","","unresolved"
"LB-LOC-16AD42CE7BE4","Amioun_el-Fawqa","","unresolved"
"LB-LOC-2E7D119C794E","Anfeh","","unresolved"
"LB-LOC-85FB06DC9F7A","Anfeh_el-Balda","","unresolved"
"LB-LOC-D27A8574FD7D","Barsa","","unresolved"
"LB-LOC-31A6E68F5465","Batralioun","","unresolved"
"LB-LOC-1788AD279DC1","Bchmizzine","","unresolved"
"LB-LOC-060EDA86F2D9","Bednayel-KR","","unresolved"
"LB-LOC-9E382497043B","Besarma-KR","","unresolved"
"LB-LOC-05C14C793242","Bino","","unresolved"
"LB-LOC-E0EBF98483A4","Btaaboura","","unresolved"
"LB-LOC-9F0FF80E051A","Bteram-KR","","unresolved"
"LB-LOC-25BD97CD0DCB","Btermaz","","unresolved"
"LB-LOC-20849185C9E8","Chekka","","unresolved"
"LB-LOC-D3B02C1381F3","Dar_Baachtar-KR","","unresolved"
"LB-LOC-0B99154DDD66","Deddeh","","unresolved"
"LB-LOC-DAE130E5BAEB","Deir_Billa","","unresolved"
"LB-LOC-D65558A84D02","Fih-KR","","unresolved"
"LB-LOC-BF3005D7FCFB","Halba_el-Koura","","unresolved"
"LB-LOC-7D2ACB6628D2","Harissa-KR","","unresolved"
"LB-LOC-0D2BFFDF4C34","Ijdabra","","unresolved"
"LB-LOC-B36FCEDCC7F7","Kelhat","","unresolved"
"LB-LOC-05AE50070020","Kelhat_el-Aalya","","unresolved"
"LB-LOC-28F1831158EE","Kfar_Abida-KR","","unresolved"
"LB-LOC-5FADE3A379B5","Kfar_Aqqa","","unresolved"
"LB-LOC-A7B673B5956B","Kfar_Halda_el-Kouraniye","","unresolved"
"LB-LOC-95F52C9DE85E","Kfar_Hata","","unresolved"
"LB-LOC-E1A71A9F2936","Kfar_Hazir","","unresolved"
"LB-LOC-D16985C710F9","Kfar_Hazir_el-Aala","","unresolved"
"LB-LOC-44C0E3A02D44","Kfar_Saroun","","unresolved"
"LB-LOC-C995B6F6FD06","Kousba","","unresolved"
"LB-LOC-B9828D01BA1D","Kousba_el-Aala","","unresolved"
"LB-LOC-0802618D0D7B","Majdala-KR","","unresolved"
"LB-LOC-CD39165A19C7","Majdalouna-KR","","unresolved"
"LB-LOC-CA5B8859D4D5","Mayfouq","","unresolved"
"LB-LOC-8C4301F944C7","Nahel","","unresolved"
"LB-LOC-40AA1E76D7AD","Qelhat","","unresolved"
"LB-LOC-AE0D2C2CFD09","Ras_Masqa-KR","","unresolved"
"LB-LOC-111388D320F3","Zaghrine-KR","","unresolved"
"LB-LOC-534FBC436982","Zahriye_el-Koura","","unresolved"
"LB-LOC-71611EFC1C0F","Aassoun","","unresolved"
"LB-LOC-2AF910353280","Afqa-MD","","unresolved"
"LB-LOC-1801314368C3","Aimar","","unresolved"
"LB-LOC-1396050BC204","Ain_et-Tineh-MD","","unresolved"
"LB-LOC-EC8C1901FE75","Aito","","unresolved"
"LB-LOC-E456C43A30F0","Asmout","","unresolved"
"LB-LOC-D4FAE35183A9","Asnoun","","unresolved"
"LB-LOC-055CE5A8264C","Bakhoun","","unresolved"
"LB-LOC-1D1C5BA15009","Bakhoun_el-Aalya","","unresolved"
"LB-LOC-BA5C6A160BA9","Bchennine-MD","","unresolved"
"LB-LOC-458166CFA96F","Bedbhoun","","unresolved"
"LB-LOC-0612EB479516","Beit_Awkar","","unresolved"
"LB-LOC-3F8A4B24BB09","Beit_el-Faqs","","unresolved"
"LB-LOC-7D7142FAE410","Beit_el-Faqs_el-Aala","","unresolved"
"LB-LOC-850C6AD1D69D","Beit_el-Maqdess","","unresolved"
"LB-LOC-B28FA3743BE6","Bhanine","","unresolved"
"LB-LOC-57D00ACE9A7F","Bhwayta","","unresolved"
"LB-LOC-0BDDF6E7930F","Bqaa_Aajnaniya","","unresolved"
"LB-LOC-EAD6FB33302B","Bqaa_Safrine","","unresolved"
"LB-LOC-32825CEB0C90","Bqaa_Safrine_el-Aala","","unresolved"
"LB-LOC-24857DA83289","Bqarzla","","unresolved"
"LB-LOC-794F9510438D","Bteram","","unresolved"
"LB-LOC-02702866C8FA","Btermaz-MD","","unresolved"
"LB-LOC-1AE08584226E","Byada","","unresolved"
"LB-LOC-B7FB5E30D516","Bzaoun","","unresolved"
"LB-LOC-38939270F935","Dbaal","","unresolved"
"LB-LOC-67D08AC11AF7","Deir_Ammar","","unresolved"
"LB-LOC-B0E52BB8FC92","Deir_Ammar_el-Aala","","unresolved"
"LB-LOC-AD1DE3476829","Dinniyeh","","unresolved"
"LB-LOC-4D19535AC26D","El_Mrah","","unresolved"
"LB-LOC-6A4CB8101A2A","Haql_el-Alam-MD","","unresolved"
"LB-LOC-8DA01C63E1F9","Haql_el-Azimeh","","unresolved"
"LB-LOC-7762A5DD8035","Harf_Siyad","","unresolved"
"LB-LOC-42592D009E69","Hawawra","","unresolved"
"LB-LOC-8124A76E7021","Hazmieh-MD","","unresolved"
"LB-LOC-E070B7D89649","Ijbaa","","unresolved"
"LB-LOC-A3B5E7D0D97C","Izal","","unresolved"
"LB-LOC-80EF367B93C7","Jisr_el-Minieh","","unresolved"
"LB-LOC-F4A6A1D594DF","Kahf_el-Moulouk","","unresolved"
"LB-LOC-FBD2C534EBA8","Karm_el-Mohr","","unresolved"
"LB-LOC-F816E714D17B","Kfar_Abida","","unresolved"
"LB-LOC-662CADCF21E5","Kfar_Chellane","","unresolved"
"LB-LOC-A0A7ACAC1CFD","Kfar_Dlaqous-MD","","unresolved"
"LB-LOC-E5A08B75D742","Kfar_Habo","","unresolved"
"LB-LOC-442E69161EF9","Kfar_Habou","","unresolved"
"LB-LOC-6C1D1E946C75","Kfar_Habou_el-Aala","","unresolved"
"LB-LOC-482763580E46","Kfray","","unresolved"
"LB-LOC-89ADDD5223C4","Mar_Semaan-MD","","unresolved"
"LB-LOC-C23CEFE7C386","Maryata","","unresolved"
"LB-LOC-B2E983C94822","Mays_el-Jabal-MD","","unresolved"
"LB-LOC-00ECEF50D5B3","Mazraat_Balda-MD","","unresolved"
"LB-LOC-97DE94EFE263","Mazraat_Beit_Jaafar","","unresolved"
"LB-LOC-186D61C59A26","Minieh","","unresolved"
"LB-LOC-C32C109C8E38","Minieh_el-Qadimeh","","unresolved"
"LB-LOC-72E8DBB17E65","Minieh_es-Sahel","","unresolved"
"LB-LOC-9C2FB0A86EA7","Mouhammara","","unresolved"
"LB-LOC-1AB99817D901","Mouhammara_ej-Janoubiye","","unresolved"
"LB-LOC-D8082B80176D","Mrah_es-Sraj","","unresolved"
"LB-LOC-522DEC94081D","Mrah_ez-Ziyat-MD","","unresolved"
"LB-LOC-F1A99A0404E9","Nbaat_es-Safa","","unresolved"
"LB-LOC-8A43B29884F0","Nemmoura","","unresolved"
"LB-LOC-C71A69255E95","Nemrine","","unresolved"
"LB-LOC-19B9C973ED96","Qarn_es-Sindyaneh","","unresolved"
"LB-LOC-A580022364F4","Qorsayfeh","","unresolved"
"LB-LOC-1DC9A00D92FF","Rawdha","","unresolved"
"LB-LOC-CBEE069755D6","Safinet_ed-Drayb","","unresolved"
"LB-LOC-161E51852B02","Sir_Ed-Dinniyeh","","unresolved"
"LB-LOC-67B398E449E3","Taran","","unresolved"
"LB-LOC-322FE139E53F","Terbol-MD","","unresolved"
"LB-LOC-DDE8A415DA0A","Terbol_ed-Dinniyeh","","unresolved"
"LB-LOC-C37D5792F739","Zghortaghrine","","unresolved"
"LB-LOC-913BC32591AD","Abi_Samra","","unresolved"
"LB-LOC-8DF43008BC0D","Bab_el-Tebbaneh","","unresolved"
"LB-LOC-3D198A2F90DA","Beddawi","","unresolved"
"LB-LOC-EC6CE376F6D1","Debbiyeh-TR","","unresolved"
"LB-LOC-4EF6B4755117","Dhahr_el-Ain","","unresolved"
"LB-LOC-EF078DBE927A","El_Mina","","unresolved"
"LB-LOC-084B5CC4F0AE","El_Qobbeh","","unresolved"
"LB-LOC-7F63591CA2DB","Koura-TR","","unresolved"
"LB-LOC-8DD8DB2741B0","Majdaliyya","","unresolved"
"LB-LOC-678B114CE4A0","Qalamoun","","unresolved"
"LB-LOC-F644A0487F73","Ras_Masqa","","unresolved"
"LB-LOC-B4E99070E95F","Tabbiye","","unresolved"
"LB-LOC-96D7741CA542","Tripoli","","unresolved"
"LB-LOC-5456D0E5FB4F","Zahrieh","","unresolved"
"LB-LOC-41A74B393313","Zahriye_el-Khaldiye","","unresolved"
"LB-LOC-BD6894016941","Achach","","unresolved"
"LB-LOC-B6E7156AD360","Ain_Ibl-ZG","","unresolved"
"LB-LOC-6105434B063B","Ain_el-Ghar","","unresolved"
"LB-LOC-94CAF5734A77","Ain_et-Tineh-ZG","","unresolved"
"LB-LOC-6DF756D430D2","Aito-ZG","","unresolved"
"LB-LOC-57A95141DE62","Alma-ZG","","unresolved"
"LB-LOC-5D849B3D06BA","Arde","","unresolved"
"LB-LOC-11403FACE021","Aridha","","unresolved"
"LB-LOC-05AC977B7BF4","Arjes","","unresolved"
"LB-LOC-40A5D3436106","Azqi","","unresolved"
"LB-LOC-7247D8DC5004","Bchennine","","unresolved"
"LB-LOC-65F3110D09E4","Beit_Awkar-ZG","","unresolved"
"LB-LOC-9BC1F1C3D107","Beit_Layf","","unresolved"
"LB-LOC-BBD480345804","Besarma","","unresolved"
"LB-LOC-394E3EEA41D4","Bnachii","","unresolved"
"LB-LOC-760AF8949418","Bnqaba","","unresolved"
"LB-LOC-D3B2181F67D4","Bqaa_Kafra","","unresolved"
"LB-LOC-AD20B80EB4D3","Bteram-ZG","","unresolved"
"LB-LOC-76DC92DA325B","Bzeeza","","unresolved"
"LB-LOC-EFE229C5999D","Dar_Baachtar","","unresolved"
"LB-LOC-6977BD79B648","Ed-Dahr","","unresolved"
"LB-LOC-1A8E6303B6FA","Ehden","","unresolved"
"LB-LOC-681390899212","El-Bnayeh","","unresolved"
"LB-LOC-0A5B5D09B978","Fih","","unresolved"
"LB-LOC-679E804217F8","Haqel-ZG","","unresolved"
"LB-LOC-813783416BF4","Hardine-ZG","","unresolved"
"LB-LOC-8CF55FF28769","Hardine_et-Tahta","","unresolved"
"LB-LOC-E12234DCFEA7","Harf_Arde","","unresolved"
"LB-LOC-AE6E24E56636","Hasroun-ZG","","unresolved"
"LB-LOC-6C15EF605CA9","Karm_Saddeh","","unresolved"
"LB-LOC-D5B1902C2BDD","Karm_Saddeh_el-Fawqa","","unresolved"
"LB-LOC-0E75AE7F8A03","Kfar_Bni","","unresolved"
"LB-LOC-349F61886340","Kfar_Fou","","unresolved"
"LB-LOC-1C611348B318","Kfar_Hay-ZG","","unresolved"
"LB-LOC-5AB4979ABF11","Kfar_Zina","","unresolved"
"LB-LOC-5504FEEA05D3","Kfarsghab","","unresolved"
"LB-LOC-7424FF8039BD","Khaldiyeh-ZG","","unresolved"
"LB-LOC-FB33E5F8054C","Majdel_Zoun","","unresolved"
"LB-LOC-7CC0B010B949","Mazraat_ed-Dahr","","unresolved"
"LB-LOC-BC6F081F37DD","Mazraat_el-Kniseh-ZG","","unresolved"
"LB-LOC-1F77BD0A0715","Mazraat_et-Tuffah","","unresolved"
"LB-LOC-B16E50B5106C","Metrit","","unresolved"
"LB-LOC-4AED88894B29","Midan","","unresolved"
"LB-LOC-6A44CD6ADC22","Mjadel_ez-Zghartawi","","unresolved"
"LB-LOC-5093274773CA","Rachein","","unresolved"
"LB-LOC-3F00712DB014","Ras_Nhach","","unresolved"
"LB-LOC-BB4451F71319","Salima-ZG","","unresolved"
"LB-LOC-64E3F6B108B4","Saraal","","unresolved"
"LB-LOC-75B89AE9A93D","Sebaal","","unresolved"
"LB-LOC-7FC7AC15BE16","Toula","","unresolved"
"LB-LOC-5952EA962196","Toula_el-Janoubiye","","unresolved"
"LB-LOC-CF8FB0861635","Zgharta","","unresolved"
"LB-LOC-2845628E90FE","Ain_Baal","","unresolved"
"LB-LOC-A719045A7D08","Ain_Bwurdai","","unresolved"
"LB-LOC-B849F8DDC65B","Ain_el-Burj","","unresolved"
"LB-LOC-497916A79523","Ain_el-Jawzeh","","unresolved"
"LB-LOC-C8EB0DF37B15","Ain_es-Safa","","unresolved"
"LB-LOC-BD04AC36BDDF","Ain_es-Sawda","","unresolved"
"LB-LOC-EF56C00CA3DB","Ainata-BK","","unresolved"
"LB-LOC-2F96123E5AF9","Arsal","","unresolved"
"LB-LOC-DA00458EB577","Arsal_ej-Jnubi","","unresolved"
"LB-LOC-E37234B1976A","Arsal_el-Fawqa","","unresolved"
"LB-LOC-16A2ADFD2936","Baalbek","","unresolved"
"LB-LOC-42445373F00E","Baalbek_el-Qalaa","","unresolved"
"LB-LOC-4FEBE9BBCD9B","Badnayel","","unresolved"
"LB-LOC-45A9944696A1","Bala-BK","","unresolved"
"LB-LOC-CF89BA3C840D","Bednayel-BK","","unresolved"
"LB-LOC-C404DA907C2A","Beqaa_ech-Chamali","","unresolved"
"LB-LOC-5CD23460EB61","Boudai","","unresolved"
"LB-LOC-16737466B23E","Boudai_el-Aala","","unresolved"
"LB-LOC-E7664AE20A2F","Brital","","unresolved"
"LB-LOC-899569AA155A","Brital_el-Aala","","unresolved"
"LB-LOC-506F5015D0DF","Brital_el-Gharbi","","unresolved"
"LB-LOC-4AFA695C3236","Btadai","","unresolved"
"LB-LOC-A340BDAD9DAE","Btedii-BK","","unresolved"
"LB-LOC-AA37B10C66E1","Bzaliye","","unresolved"
"LB-LOC-219A9DE6A313","Chaath","","unresolved"
"LB-LOC-A5440C78009C","Chemstar","","unresolved"
"LB-LOC-650D55AFF32F","Chemstar_el-Gharbi","","unresolved"
"LB-LOC-9997C77A6BD7","Chlifa","","unresolved"
"LB-LOC-CBE9B8318937","Deir_Mar_Maroun","","unresolved"
"LB-LOC-181E0ED42EDF","Deir_Mar_Semaan-BK","","unresolved"
"LB-LOC-06F5A3E0623C","Deir_el-Ahmar","","unresolved"
"LB-LOC-AF3323BA3552","Deir_el-Ahmar_el-Aala","","unresolved"
"LB-LOC-99231B04A6D6","Douris","","unresolved"
"LB-LOC-45A7F5165B4B","Douris_el-Aala","","unresolved"
"LB-LOC-FACE4B548AF1","El-Ain_ech-Chamaliye","","unresolved"
"LB-LOC-3171309FE781","El-Qaa-BK","","unresolved"
"LB-LOC-64B78C758F0C","El_Ain","","unresolved"
"LB-LOC-81722757DBC8","El_Fakiha","","unresolved"
"LB-LOC-6DA1A5298CE4","Fakiha_ej-Janoubiye","","unresolved"
"LB-LOC-94A962364DF3","Fakiha_el-Aala","","unresolved"
"LB-LOC-28EBA8C3BA44","Flawi","","unresolved"
"LB-LOC-A9B5E6BA8D25","Flawi_el-Aala","","unresolved"
"LB-LOC-7DF98A80AEB2","Harbata","","unresolved"
"LB-LOC-5967016DE974","Harbqous","","unresolved"
"LB-LOC-C47D017B3FF5","Harbqous_ech-Charqi","","unresolved"
"LB-LOC-D6C40B6D5FD9","Hortaala","","unresolved"
"LB-LOC-0257405D5CA5","Houch_Amine","","unresolved"
"LB-LOC-F02050653162","Houch_Barda-BK","","unresolved"
"LB-LOC-F5CEF4E2E7E1","Houch_Bkayri","","unresolved"
"LB-LOC-618C2C0B5A4D","Houch_Hala-BK","","unresolved"
"LB-LOC-E1C33EC02456","Houch_Qaraoun","","unresolved"
"LB-LOC-CA8AED2EFD48","Houch_Ras_Baalbek","","unresolved"
"LB-LOC-131067EA0704","Houch_Sneid","","unresolved"
"LB-LOC-E9B55D163CEB","Houch_Sneid_el-Aala","","unresolved"
"LB-LOC-A80645CEB535","Houch_Surya","","unresolved"
"LB-LOC-8F431D18A7D2","Houch_Tall_Bira","","unresolved"
"LB-LOC-6EE3B6D97379","Houch_Tall_Safiye","","unresolved"
"LB-LOC-02A6B99511EA","Houch_Tall_ed-Dahab","","unresolved"
"LB-LOC-A735B7764BF1","Houch_ed-Dahab","","unresolved"
"LB-LOC-70769FD74BD6","Houch_el-Adleh","","unresolved"
"LB-LOC-8F3C6FEC6D88","Houch_el-Athar","","unresolved"
"LB-LOC-15875992B4DF","Houch_el-Beqaa","","unresolved"
"LB-LOC-663107C169B9","Houch_el-Fakiha","","unresolved"
"LB-LOC-2C440D165DEB","Houch_el-Ghanam-BK","","unresolved"
"LB-LOC-B11621C6A281","Houch_el-Ghazaleh","","unresolved"
"LB-LOC-BD25A28653E5","Houch_el-Hallan","","unresolved"
"LB-LOC-B80A4CCA03A2","Houch_el-Harimeh-BK","","unresolved"
"LB-LOC-ABDE7ECD8E11","Houch_el-Oumara-BK","","unresolved"
"LB-LOC-6608E5F2B354","Houch_el-Qannabi","","unresolved"
"LB-LOC-EA5FA7384652","Houch_el-Qara","","unresolved"
"LB-LOC-1DE75EB6CDF4","Houch_en-Nabi-BK","","unresolved"
"LB-LOC-C3E7C476D785","Houch_er-Rafaaiye","","unresolved"
"LB-LOC-23A0CFCF710F","Houch_er-Rafqa-BK","","unresolved"
"LB-LOC-11A2A5CDC017","Houch_es-Sayed","","unresolved"
"LB-LOC-CBC4DECDA738","Houch_es-Sulh","","unresolved"
"LB-LOC-10D9CED6453C","Iaat","","unresolved"
"LB-LOC-57299BC91CBD","Iaat_ech-Charqiye","","unresolved"
"LB-LOC-00D6AD0A7A89","Jboule","","unresolved"
"LB-LOC-BA5C41ACA1F6","Jdita-BK","","unresolved"
"LB-LOC-4D31892A36C4","Jenta","","unresolved"
"LB-LOC-62B5EEB25C94","Kfar_Ay","","unresolved"
"LB-LOC-C5A1908BEE59","Kfar_Houne-BK","","unresolved"
"LB-LOC-AAFEDA63A2FF","Kfarzabad-BK","","unresolved"
"LB-LOC-345BDABF5464","Labaa-BK","","unresolved"
"LB-LOC-03D96F184E84","Labweh","","unresolved"
"LB-LOC-9F00CA435E7D","Labweh_el-Aala","","unresolved"
"LB-LOC-E5E3189D9803","Labweh_el-Gharbi","","unresolved"
"LB-LOC-6C719FE00E9B","Laqlouq-BK","","unresolved"
"LB-LOC-26A70369C1E2","Maaniye","","unresolved"
"LB-LOC-9109DBDF45CF","Macharii_el-Qaa","","unresolved"
"LB-LOC-AA3BC6224512","Majdaloun-BK","","unresolved"
"LB-LOC-A823B385A7D5","Mqanneh-BK","","unresolved"
"LB-LOC-40AD7354E6B7","Mqraq_el-Beqaa","","unresolved"
"LB-LOC-EAB5797C5756","Nabi_Abt","","unresolved"
"LB-LOC-9C918A7B2BF2","Nabi_Chet-BK","","unresolved"
"LB-LOC-64564AB4A055","Nabi_Osman","","unresolved"
"LB-LOC-92D5D5072D79","Nabi_Rshadeh","","unresolved"
"LB-LOC-92C832700C05","Nahleh","","unresolved"
"LB-LOC-91452A63A813","Nahleh_el-Bqaaiye","","unresolved"
"LB-LOC-21FAAC73F881","Qornayel_ech-Chamali","","unresolved"
"LB-LOC-28DB8BBF0BF8","Qsarnaba","","unresolved"
"LB-LOC-970D2CE55338","Qsarnaba_el-Aala","","unresolved"
"LB-LOC-3654ACB9D573","Ras_Baalbek","","unresolved"
"LB-LOC-98A9BCC0153E","Ras_Baalbek_ech-Charq","","unresolved"
"LB-LOC-B78B157E59EE","Ras_el-Jabal","","unresolved"
"LB-LOC-BBFE173019AD","Sabain","","unresolved"
"LB-LOC-D8644786B0BE","Safa-BK","","unresolved"
"LB-LOC-C80BE1750A5D","Soulan","","unresolved"
"LB-LOC-556BAD84906C","Sraain_el-Fawqa","","unresolved"
"LB-LOC-EC4D4FB5CC8E","Sraain_et-Tahta","","unresolved"
"LB-LOC-C863BC69D5AB","Talia","","unresolved"
"LB-LOC-5E9C57ACF726","Talia_el-Aala","","unresolved"
"LB-LOC-D03665D04100","Tariya","","unresolved"
"LB-LOC-762206F7C9FC","Temnine_el-Fawqa","","unresolved"
"LB-LOC-CCAD33B1E7BB","Temnine_et-Tahta","","unresolved"
"LB-LOC-09F1A641C214","Younine","","unresolved"
"LB-LOC-BA74FBC829F1","Younine_el-Aala","","unresolved"
"LB-LOC-9FF69EB41D37","Younine_el-Fawqa-2","","unresolved"
"LB-LOC-536FCA359762","Zamrani","","unresolved"
"LB-LOC-18D775595616","Zboud","","unresolved"
"LB-LOC-3F3945B59B54","Zboud_el-Aala","","unresolved"
"LB-LOC-5F755176CE6B","Ain_ech-Chaara","","unresolved"
"LB-LOC-8DAE415C882D","Chaghour","","unresolved"
"LB-LOC-D9CF0826907B","Darb_el-Hayreh","","unresolved"
"LB-LOC-4CBE0F2C0C05","El-Qaa_el-Aala","","unresolved"
"LB-LOC-A6D8BAC2F07F","El-Qaa_el-Gharbi","","unresolved"
"LB-LOC-520DD3B8AFE5","El_Qaa","","unresolved"
"LB-LOC-D8864F928495","Hamra-HE","","unresolved"
"LB-LOC-BFE2673B7AFB","Haouch_Tala","","unresolved"
"LB-LOC-DA3D55C4AA7C","Haouch_Tala_el-Fawqa","","unresolved"
"LB-LOC-C0ED5BFCEAB3","Hermel","","unresolved"
"LB-LOC-D9B0C59F386B","Houch_Fakhr_ed-Din","","unresolved"
"LB-LOC-B95DE691B510","Houch_Tall_Bireh","","unresolved"
"LB-LOC-53BF8732D986","Houch_ech-Cheikh","","unresolved"
"LB-LOC-FF1E983DA509","Houch_el-Haymeh","","unresolved"
"LB-LOC-553F50417B00","Houch_el-Mounir","","unresolved"
"LB-LOC-0E895DE66D7F","Houch_el-Qannabi-HE","","unresolved"
"LB-LOC-C8B0D2A53E7D","Houch_es-Sayed_Ali-HE","","unresolved"
"LB-LOC-D73D4B1FB4F2","Jazira","","unresolved"
"LB-LOC-5D2DD5ED821A","Kfardane-HE","","unresolved"
"LB-LOC-A759B830D854","Khreibeh-HE","","unresolved"
"LB-LOC-E4042C2407EA","Labbaya-HE","","unresolved"
"LB-LOC-6FB03DADBC4F","Maaysra-HE","","unresolved"
"LB-LOC-9682F4F96D05","Manater","","unresolved"
"LB-LOC-AF6FF2F7B614","Mcherfeh-HE","","unresolved"
"LB-LOC-89EAB3DEFDE4","Nabi_Saq","","unresolved"
"LB-LOC-065ACE9526FC","Qarni","","unresolved"
"LB-LOC-1A6CD2C3DF13","Qayala","","unresolved"
"LB-LOC-079616AC6C26","Rweyssat_el-Hermel","","unresolved"
"LB-LOC-B9A58C4E478A","Shaat","","unresolved"
"LB-LOC-DE96D829B85C","Shaat_el-Aala","","unresolved"
"LB-LOC-766ACEFF3760","Wadi_el-Assi","","unresolved"
"LB-LOC-3A02F2CCC966","Wadi_ez-Zbdani","","unresolved"
"LB-LOC-9218F2D04EA1","Ain_Aata","","unresolved"
"LB-LOC-3AFDED5DC8F6","Ain_Aata_el-Fawqa","","unresolved"
"LB-LOC-345A54B45F94","Ain_Araba","","unresolved"
"LB-LOC-C19846A680E4","Ain_Harcha","","unresolved"
"LB-LOC-BFF10A19D0CA","Ain_et-Tineh-RA","","unresolved"
"LB-LOC-7CC6D7417920","Ayha","","unresolved"
"LB-LOC-5ADE16559DC7","Baalbek_el-Foukhar","","unresolved"
"LB-LOC-4481199424C2","Beit_Jinn","","unresolved"
"LB-LOC-1E228685D766","Beit_Lahia","","unresolved"
"LB-LOC-758A1EA37372","Beit_Lahia_el-Aala","","unresolved"
"LB-LOC-D83F4E0A20E7","Bkeifa-RA","","unresolved"
"LB-LOC-AA1D52EE210F","Bqaata-RA","","unresolved"
"LB-LOC-222C1021ACBD","Deir_el-Ashayer","","unresolved"
"LB-LOC-74CDCDF0682C","Deir_el-Ashayer_el-Fawqa","","unresolved"
"LB-LOC-D344B7ACC318","Deir_el-Qamar-RA","","unresolved"
"LB-LOC-F1B5052E86F0","Fardis-RA","","unresolved"
"LB-LOC-B6CF6282B8F7","Halwa","","unresolved"
"LB-LOC-649E03D38319","Jdeideh-RA","","unresolved"
"LB-LOC-C2C24279BE5B","Kawkaba-RA","","unresolved"
"LB-LOC-D869DDD95D21","Kawkaba_ech-Charqiye","","unresolved"
"LB-LOC-D370F87B2C2C","Kfar_Mashki-RA","","unresolved"
"LB-LOC-E7991BC271DE","Kfar_Qouq","","unresolved"
"LB-LOC-6CEB011204DC","Kfar_Qouq_el-Aala","","unresolved"
"LB-LOC-04F9E64F7B6D","Khalwat_el-Arqoub","","unresolved"
"LB-LOC-FAB2ED1CF42B","Majdal_Shams","","unresolved"
"LB-LOC-5AC85740FBDB","Majdal_Shams_el-Aala","","unresolved"
"LB-LOC-15ED5E81AD69","Majdel_Balhess","","unresolved"
"LB-LOC-35A4AFD9B9E3","Maymis","","unresolved"
"LB-LOC-108546C91501","Rachaya","","unresolved"
"LB-LOC-967316020E2C","Rafid","","unresolved"
"LB-LOC-721ACE009ADB","Tannoura-RA","","unresolved"
"LB-LOC-8AD084FA1EC2","Yanta","","unresolved"
"LB-LOC-BCC2FE5F508B","Ain_Zebdeh","","unresolved"
"LB-LOC-97A4A99E6414","Ain_et-Tine-WB","","unresolved"
"LB-LOC-127C10615130","Aitanit","","unresolved"
"LB-LOC-215AF851115E","Aitanit_el-Fawqa","","unresolved"
"LB-LOC-672342B39272","Ammiq-WB","","unresolved"
"LB-LOC-BB19FE55CBFA","Aqbeh-WB","","unresolved"
"LB-LOC-86F2B8430CCA","Baaloul","","unresolved"
"LB-LOC-28D12EA76447","Baloul","","unresolved"
"LB-LOC-0A1ACEB0084A","Baloul_el-Aalya","","unresolved"
"LB-LOC-B292F3586EB3","Beit_ed-Din-WB","","unresolved"
"LB-LOC-771CCE9F01F3","Dalafeh","","unresolved"
"LB-LOC-D532C39A9B4A","Deir_ez-Zahrani-WB","","unresolved"
"LB-LOC-29F7330A515E","Ghazzeh","","unresolved"
"LB-LOC-121D30ADB9F4","Houch_el-Harimeh-WB","","unresolved"
"LB-LOC-11F0ADABCFDF","Houch_er-Rafqa-WB","","unresolved"
"LB-LOC-5454E5F046BC","Jeb_Jannine","","unresolved"
"LB-LOC-918956C81F0D","Jeb_Jannine_el-Fawqa","","unresolved"
"LB-LOC-14C2BA4F2509","Kamed_el-Loz","","unresolved"
"LB-LOC-1A9C3D68EBF4","Kamed_el-Loz_el-Fawqa","","unresolved"
"LB-LOC-8E20CCDF655E","Kfar_Houne-WB","","unresolved"
"LB-LOC-DCD71EEB03F8","Kfardane","","unresolved"
"LB-LOC-1EEC781ADAC1","Kfrayya","","unresolved"
"LB-LOC-2E260844FBFC","Khalwat_Mashghara","","unresolved"
"LB-LOC-D35CCCE6352E","Khirbet_Qanafar","","unresolved"
"LB-LOC-D682C52AE0F8","Labbaya","","unresolved"
"LB-LOC-0A42C7CE05AD","Lala","","unresolved"
"LB-LOC-64A3EEB6B153","Manara-WB","","unresolved"
"LB-LOC-37DE0FD15849","Marj-WB","","unresolved"
"LB-LOC-1FC4764EE0DD","Mashghara","","unresolved"
"LB-LOC-9DECB3A9312B","Maydoun","","unresolved"
"LB-LOC-D863E9759F1F","Mcherfeh-WB","","unresolved"
"LB-LOC-B27595C2CF1F","Qalaa-WB","","unresolved"
"LB-LOC-B4FEE6094103","Qaraoun","","unresolved"
"LB-LOC-8D7EB3D21ECB","Qaraoun_el-Fawqa","","unresolved"
"LB-LOC-ED1F6C10E052","Riha","","unresolved"
"LB-LOC-DB2F69B55526","Saghbine","","unresolved"
"LB-LOC-3EA2ABBAEDCF","Sahmor","","unresolved"
"LB-LOC-F60E70D2D03D","Souayri","","unresolved"
"LB-LOC-A2287299FFD7","Sultan_Yaaqoub","","unresolved"
"LB-LOC-02432C9CD227","Yahmar","","unresolved"
"LB-LOC-9A8257372BF1","Ablah","","unresolved"
"LB-LOC-BB9F8B826ECE","Ahmar","","unresolved"
"LB-LOC-24965909477F","Ain_Kfarzabad","","unresolved"
"LB-LOC-6C0EAE8E60B2","Ain_el-Haql","","unresolved"
"LB-LOC-C3502B2F5D6C","Ali_Nahri","","unresolved"
"LB-LOC-6FC886634497","Anjar","","unresolved"
"LB-LOC-516DD593C651","Bar_Elias","","unresolved"
"LB-LOC-ECA3D64FEB80","Bednayel","","unresolved"
"LB-LOC-CE1CA1C25998","Beit_Chama","","unresolved"
"LB-LOC-940A2851EAA5","Blat-ZA","","unresolved"
"LB-LOC-2969BB28B1AE","Chtaura","","unresolved"
"LB-LOC-CC30A04046DA","Deir_el-Ghazal","","unresolved"
"LB-LOC-8D157619ADC4","Faydha-ZA","","unresolved"
"LB-LOC-FCCB9D81BD86","Ferzol","","unresolved"
"LB-LOC-86DFBC18FD05","Ferzol_el-Aala","","unresolved"
"LB-LOC-820CA4A47113","Houch_Barda","","unresolved"
"LB-LOC-80B853D72B58","Houch_Hala","","unresolved"
"LB-LOC-764D37EA7C8D","Houch_Qammeh","","unresolved"
"LB-LOC-BFBE32A5BFF4","Houch_el-Ghanam","","unresolved"
"LB-LOC-4AE05F903716","Houch_el-Harimeh","","unresolved"
"LB-LOC-CBD8DD9D6742","Houch_el-Oumara","","unresolved"
"LB-LOC-99725332E9EF","Houch_en-Nabi","","unresolved"
"LB-LOC-84F6CA3DAFAE","Houch_er-Rafqa","","unresolved"
"LB-LOC-446C703074E3","Ibl_es-Saqi-ZA","","unresolved"
"LB-LOC-F153CF8C138E","Jalala","","unresolved"
"LB-LOC-DE76E8C1ECC1","Jdita","","unresolved"
"LB-LOC-6FD2C60C41A5","Jdita_el-Fawqa","","unresolved"
"LB-LOC-B1A147F8DE68","Karak","","unresolved"
"LB-LOC-FE9CE73B75CF","Karak-ZA","","unresolved"
"LB-LOC-0E3F57A438C2","Kfar_Qouq-ZA","","unresolved"
"LB-LOC-81B012AC8AA1","Kfar_Yachoua","","unresolved"
"LB-LOC-EABC40AF37AE","Kfarzabad","","unresolved"
"LB-LOC-8C1A87AD7193","Kssara","","unresolved"
"LB-LOC-5CA736E3EBF8","Maallaqa","","unresolved"
"LB-LOC-5B77A8D783BA","Maallaqa_el-Aalya","","unresolved"
"LB-LOC-6B412958E2EA","Majdel_Anjar","","unresolved"
"LB-LOC-EB9FCDA124CE","Makseh","","unresolved"
"LB-LOC-1B79059F7B62","Manarah-ZA","","unresolved"
"LB-LOC-BC3D682C759A","Nabi_Chet","","unresolved"
"LB-LOC-4CA88E93F91B","Niha-ZA","","unresolved"
"LB-LOC-8315876ECF17","Qaa_er-Rim","","unresolved"
"LB-LOC-32B61BFE60B4","Qammoua-ZA","","unresolved"
"LB-LOC-1AE438121144","Qortaba-ZA","","unresolved"
"LB-LOC-33DCCEC2F233","Raait","","unresolved"
"LB-LOC-929350D8FDFF","Rawdha-ZA","","unresolved"
"LB-LOC-68626AD868E3","Riyaq","","unresolved"
"LB-LOC-3CA7DB402E7E","Riyaq_el-Aala","","unresolved"
"LB-LOC-2DDAF1A38357","Saadnayel","","unresolved"
"LB-LOC-E3A7874589E8","Saadnayel_el-Aala","","unresolved"
"LB-LOC-1494077E7D77","Sifri","","unresolved"
"LB-LOC-61E21D7BEED7","Taalabaya","","unresolved"
"LB-LOC-03576E4BD9D4","Taanayel","","unresolved"
"LB-LOC-293F33C0C46A","Tawqat","","unresolved"
"LB-LOC-08729326618B","Terbol","","unresolved"
"LB-LOC-720C54DF24D6","Wadi_el-Arayech-ZA","","unresolved"
"LB-LOC-00CA3CDEEAA2","Zahle","","unresolved"
"LB-LOC-69037F655ADE","Zahle_Houch_ez-Zaraaneh","","unresolved"
"LB-LOC-85F37169DA73","Zahle_el-Balad","","unresolved"
"LB-LOC-E56AB1AE489B","Ain_Majdalein","","unresolved"
"LB-LOC-6CEADBA8881F","Ain_Majdalein-JZ","","unresolved"
"LB-LOC-9C3AB261EFBB","Ain_Qanya-JZ","","unresolved"
"LB-LOC-71582A5795DC","Ain_el-Mir-JZ","","unresolved"
"LB-LOC-5DBB1E2CF432","Ara_ech-Chamaliye","","unresolved"
"LB-LOC-3F5F358AE491","Areed","","unresolved"
"LB-LOC-54DC036B175D","Azour","","unresolved"
"LB-LOC-7037B06E06C0","Beit_Idriss","","unresolved"
"LB-LOC-D0E1C3CC2248","Beit_el-Mir","","unresolved"
"LB-LOC-66827D9DC16D","Bisri","","unresolved"
"LB-LOC-C4F8D47052F6","Bkassine","","unresolved"
"LB-LOC-67ED016E05E6","Bkassine_el-Aala","","unresolved"
"LB-LOC-514464A682E4","Boureh","","unresolved"
"LB-LOC-8BE01F72BE43","Btater-JZ","","unresolved"
"LB-LOC-D0433AB8E99D","Dhour_Jezzine","","unresolved"
"LB-LOC-1322879BC7F4","El-Harf","","unresolved"
"LB-LOC-A16B872AA5A2","Hamlaya-JZ","","unresolved"
"LB-LOC-13519382C03C","Haret_Jezzine","","unresolved"
"LB-LOC-BFEAF296D684","Hasbaya_Jezzine","","unresolved"
"LB-LOC-81A2A2C6261D","Haydab","","unresolved"
"LB-LOC-CC84A2BB96A6","Houmine","","unresolved"
"LB-LOC-CC9A799DBFCD","Jarmuq","","unresolved"
"LB-LOC-2DAB920FF031","Jezzine","","unresolved"
"LB-LOC-BFC75A8E957A","Kfar_Faqoud-JZ","","unresolved"
"LB-LOC-D208AC02B792","Kfar_Houne-JZ","","unresolved"
"LB-LOC-AF01215FA72A","Kfar_Jouz-JZ","","unresolved"
"LB-LOC-28EFB4C92F12","Lebaa-JZ","","unresolved"
"LB-LOC-DE8DC1213622","Maaseriti","","unresolved"
"LB-LOC-F0742AE90A44","Machmoucheh","","unresolved"
"LB-LOC-1573AD221360","Machouq","","unresolved"
"LB-LOC-E8C5447F2116","Machouq_el-Aala","","unresolved"
"LB-LOC-6A1E73483E3A","Madirej-JZ","","unresolved"
"LB-LOC-BC22B6E38E80","Marj_ez-Zaatar","","unresolved"
"LB-LOC-67B0C84EDF8B","Mdawkha","","unresolved"
"LB-LOC-7E88EFC96509","Midan-JZ","","unresolved"
"LB-LOC-1BE13EBB0B41","Moustaytia","","unresolved"
"LB-LOC-A003060C9FE6","Niha_Jezzine","","unresolved"
"LB-LOC-50964D8EC155","Qattin","","unresolved"
"LB-LOC-A8899A087182","Qytouleh","","unresolved"
"LB-LOC-4276E5D509EB","Qytouleh_el-Aala","","unresolved"
"LB-LOC-2679C3D384C7","Roum","","unresolved"
"LB-LOC-F82081359B99","Roum_el-Aala","","unresolved"
"LB-LOC-C2D01C4EC24F","Sarba_Jezzine","","unresolved"
"LB-LOC-A82EB9A0216E","Snawbar","","unresolved"
"LB-LOC-CD1C7158A7CD","Snayya","","unresolved"
"LB-LOC-70B3934A78BF","Wadi_Jezzine","","unresolved"
"LB-LOC-0240DF3D5819","Aawali","","unresolved"
"LB-LOC-5AB576C6AE0C","Abra","","unresolved"
"LB-LOC-0252E1CBD071","Abra_el-Fawqa","","unresolved"
"LB-LOC-2080563D88EC","Adloun","","unresolved"
"LB-LOC-7291448E9594","Ain_el-Hilweh","","unresolved"
"LB-LOC-2E6F0CD56D98","Anqoun","","unresolved"
"LB-LOC-445878A2CDF1","Awwal","","unresolved"
"LB-LOC-F98E872AC249","Babliyeh","","unresolved"
"LB-LOC-C8486527599B","Bass","","unresolved"
"LB-LOC-D1DEE12C4F1A","Bqosta","","unresolved"
"LB-LOC-CC6194D7CC94","Bramiyeh","","unresolved"
"LB-LOC-76B94CCA0A5C","Charhabil","","unresolved"
"LB-LOC-0EE6FDE171DA","Chhour","","unresolved"
"LB-LOC-1074A9F302D8","Dar_Ain","","unresolved"
"LB-LOC-630B70F1A5D2","Darb_el-Sim","","unresolved"
"LB-LOC-72B4527CBF50","Dawayer-SD","","unresolved"
"LB-LOC-98476D0AC298","Filiye","","unresolved"
"LB-LOC-496334972C9A","Ghaziyeh","","unresolved"
"LB-LOC-7396DCB3B4F1","Halab_el-Aalya","","unresolved"
"LB-LOC-FC78C1F41B4C","Haret_Saida","","unresolved"
"LB-LOC-9B9BFA782388","Haret_Saida_el-Aala","","unresolved"
"LB-LOC-3E3C48594E79","Hilaliyeh","","unresolved"
"LB-LOC-CFCA6334B58B","Houch_Saida","","unresolved"
"LB-LOC-1D72B217A5CF","Houch_el-Oumara-SD","","unresolved"
"LB-LOC-046F6ABF1A4E","Jinsnaya","","unresolved"
"LB-LOC-0483C9CD3E42","Kfar_Jarra","","unresolved"
"LB-LOC-4E20C99079C9","Lebaa","","unresolved"
"LB-LOC-0A0D18E2F555","Maaroub","","unresolved"
"LB-LOC-B9885E532583","Maghdoucheh","","unresolved"
"LB-LOC-7BAFE4E1590D","Majdaliyoun","","unresolved"
"LB-LOC-AACD109E1AFF","Marjan","","unresolved"
"LB-LOC-39FDEB6BB54C","Mazraat_el-Halqa","","unresolved"
"LB-LOC-24A29557AB4F","Qaaqayet_ej-Jisr","","unresolved"
"LB-LOC-0FD164221E4B","Qna-SD","","unresolved"
"LB-LOC-49F7F2F1B12B","Qnariye","","unresolved"
"LB-LOC-A0A512510253","Qrayye","","unresolved"
"LB-LOC-ACFD4971A682","Rjal","","unresolved"
"LB-LOC-30BA8677753E","Rjaliye","","unresolved"
"LB-LOC-9BAC422F2A4B","Saida_Sidon","","unresolved"
"LB-LOC-2BD65F3E32E4","Saida_ech-Charqiye","","unresolved"
"LB-LOC-8B7B13691E8D","Saida_el-Qadimeh","","unresolved"
"LB-LOC-030C678A9E38","Saida_es-Sahel","","unresolved"
"LB-LOC-311057F2A585","Saqyet_el-Maydani","","unresolved"
"LB-LOC-A33AF4EBC287","Srafand","","unresolved"
"LB-LOC-4D6EED858C14","Tfahta","","unresolved"
"LB-LOC-80E0EFD1815D","Zararieh","","unresolved"
"LB-LOC-89E5EDAFED08","Zararieh_el-Aalya","","unresolved"
"LB-LOC-A8AAD2F2ADE0","Zeneyleh","","unresolved"
"LB-LOC-055D9205B2DA","Aaqbeh","","unresolved"
"LB-LOC-29E2191655D3","Aarbsalim","","unresolved"
"LB-LOC-A5FA163ACDEA","Abbassiyeh","","unresolved"
"LB-LOC-EA803C1129F0","Abbassiyeh_el-Fawqa","","unresolved"
"LB-LOC-E114750B08B5","Ain_Baal-SR","","unresolved"
"LB-LOC-4C6753B3439C","Ain_Ibl","","unresolved"
"LB-LOC-A5862F267AED","Ain_ez-Zarqa","","unresolved"
"LB-LOC-582E7260C8F1","Ain_ez-Zarqa_el-Fawqa","","unresolved"
"LB-LOC-16D15E01168A","Ainata_Sour","","unresolved"
"LB-LOC-B571AACD19E6","Aita_el-Jabal","","unresolved"
"LB-LOC-01D1D08F35D9","Aitharoun","","unresolved"
"LB-LOC-71DAA0CA2FA3","Almane","","unresolved"
"LB-LOC-C892FD989A8C","Aychiye","","unresolved"
"LB-LOC-FDFA8EB254EE","Aytit","","unresolved"
"LB-LOC-03133BDD2124","Aytit_el-Aala","","unresolved"
"LB-LOC-C9A8D1A31830","Babliye-SR","","unresolved"
"LB-LOC-F904CF431315","Batouliyeh","","unresolved"
"LB-LOC-DBCE3F80AB4D","Bayada-SR","","unresolved"
"LB-LOC-B2125A9C18C8","Bazouriyeh","","unresolved"
"LB-LOC-7F8AB2B0317D","Beit_Layf-SR","","unresolved"
"LB-LOC-98E63629FE64","Beit_Yahoun","","unresolved"
"LB-LOC-2F4611A7D534","Beit_Yahoun_Sour","","unresolved"
"LB-LOC-A01F0A85F2AA","Bint_Jbeil_el-Fawqa-SR","","unresolved"
"LB-LOC-262BD6DD59C8","Burj-SR","","unresolved"
"LB-LOC-9CD85B2FA303","Burj_Qlawiye","","unresolved"
"LB-LOC-ADD909F984CB","Burj_el-Chemali","","unresolved"
"LB-LOC-3DD0AAEA24B1","Burj_el-Moulouk","","unresolved"
"LB-LOC-D0BF0895ED43","Chahabiye","","unresolved"
"LB-LOC-42DD0D7A489D","Chaitiye","","unresolved"
"LB-LOC-18F1AECED55A","Chaqra","","unresolved"
"LB-LOC-91D5CD671564","Debl","","unresolved"
"LB-LOC-DC923F159A69","Deir_Qanoun_Ras_el-Ain","","unresolved"
"LB-LOC-279D46872642","Deir_Qanoun_en-Nahr","","unresolved"
"LB-LOC-A15D10812FBE","Dhor-SR","","unresolved"
"LB-LOC-4F6AB88F5F6B","Hadatha","","unresolved"
"LB-LOC-624BACEF2183","Hannawiye","","unresolved"
"LB-LOC-655B65C60632","Hannawiye_el-Aala","","unresolved"
"LB-LOC-B5BEFCBE3EE3","Houch_Sour","","unresolved"
"LB-LOC-47B9F0E32A51","Houla-SR","","unresolved"
"LB-LOC-0DAEB6FA2773","Jbal_el-Botm","","unresolved"
"LB-LOC-7B08DE54EC5C","Jnata","","unresolved"
"LB-LOC-A47DA47BF68C","Jouaiya","","unresolved"
"LB-LOC-FA2069EFFB67","Jouaiya_el-Aala","","unresolved"
"LB-LOC-FE70DE1A7820","Jouaiya_et-Tahta","","unresolved"
"LB-LOC-31376693838F","Kfar_Baal","","unresolved"
"LB-LOC-1DB91364FCC8","Kfar_Dounine","","unresolved"
"LB-LOC-51D7E6BCCD16","Kfar_Tibnit-SR","","unresolved"
"LB-LOC-D3ADE895D1F4","Kfir","","unresolved"
"LB-LOC-32EE783B7A3F","Kherayeb","","unresolved"
"LB-LOC-814553F43F90","Kseyreh","","unresolved"
"LB-LOC-8882AE4D29E3","Maachouq","","unresolved"
"LB-LOC-DF9955CE4897","Mahrouneh","","unresolved"
"LB-LOC-4DF3E2F0459E","Majdel_Selm","","unresolved"
"LB-LOC-636B0D473C6F","Majdel_Zoun-SR","","unresolved"
"LB-LOC-F29121DF843E","Majdel_Zoun_el-Aala","","unresolved"
"LB-LOC-77EDE11EE297","Mansoura-SR","","unresolved"
"LB-LOC-DFAC11E715B7","Mansoura_Sour","","unresolved"
"LB-LOC-D70D1DB295DF","Mansouri","","unresolved"
"LB-LOC-B3FF9190DF80","Maroun_er-Ras-SR","","unresolved"
"LB-LOC-468F89CF78A8","Mazraat_ech-Chamaliye","","unresolved"
"LB-LOC-EF0305955E5F","Naqoura","","unresolved"
"LB-LOC-F18F9C3D34D0","Naqoura_el-Aala","","unresolved"
"LB-LOC-396525178B37","Naqoura_el-Gharbiye","","unresolved"
"LB-LOC-24322164F78C","Qana","","unresolved"
"LB-LOC-F9440F126924","Qana_el-Fawqa","","unresolved"
"LB-LOC-3212FFB34EC9","Qlayleh","","unresolved"
"LB-LOC-A4793DF224DC","Rab_Tlatine","","unresolved"
"LB-LOC-1CBAC636F552","Rachidiye","","unresolved"
"LB-LOC-5CB6D8F46221","Richaf","","unresolved"
"LB-LOC-DBCE88B4C517","Salaa-SR","","unresolved"
"LB-LOC-F90ECA621053","Shamaa","","unresolved"
"LB-LOC-0992A77AE2FF","Siddikin","","unresolved"
"LB-LOC-F4BED1FBD01A","Siddikin_el-Aala","","unresolved"
"LB-LOC-F7A59CB33A3E","Smaaiye","","unresolved"
"LB-LOC-B4D51A6894CE","Sour_el-Bahriye","","unresolved"
"LB-LOC-C66E4A92AA79","Sour_el-Balad","","unresolved"
"LB-LOC-0C8514069F93","Srifeh","","unresolved"
"LB-LOC-A58F1628FC03","Srifeh_el-Aala","","unresolved"
"LB-LOC-9285C1C9595C","Tair_Debba","","unresolved"
"LB-LOC-437F894B5EB6","Tair_Harfa","","unresolved"
"LB-LOC-44320C8EDBF7","Taybeh-SR","","unresolved"
"LB-LOC-95333C4DC708","Teiri","","unresolved"
"LB-LOC-EFDAB7DDE8AA","Tibnine_es-Sour","","unresolved"
"LB-LOC-0E5D24F70CB8","Touline","","unresolved"
"LB-LOC-420BB404364A","Toura-SR","","unresolved"
"LB-LOC-9E7A79EEA341","Tyre_Sour","","unresolved"
"LB-LOC-30A94C517CB7","Yahmar_ech-Chqif","","unresolved"
"LB-LOC-A094D3DEB5C0","Yanouh-SR","","unresolved"
"LB-LOC-146D8DDB2D05","Yaroun_ej-Jnubi","","unresolved"
"LB-LOC-E78A36397B31","Zararieh-SR","","unresolved"
"LB-LOC-FFF9A88F51FA","Zebdani-SR","","unresolved"
"LB-LOC-5E4E74EA4AD0","Abey","","unresolved"
"LB-LOC-701313CA4DC1","Abey-AL-2","","unresolved"
"LB-LOC-5FCF7D20499F","Ain_Anoub","","unresolved"
"LB-LOC-EBB681C1921C","Ain_Anoub_el-Fawqa","","unresolved"
"LB-LOC-01C8E012C5E6","Ain_el-Mreisseh-AL","","unresolved"
"LB-LOC-969A801A1FCC","Ain_et-Tuffaha","","unresolved"
"LB-LOC-368E53174731","Ainab","","unresolved"
"LB-LOC-7C8BB27F844C","Ainbal","","unresolved"
"LB-LOC-0ADCC60374A4","Aley","","unresolved"
"LB-LOC-42A3C1EBB229","Aramoun-AL","","unresolved"
"LB-LOC-4C12468CC671","Aramoun_et-Tahta","","unresolved"
"LB-LOC-59D306A207D9","Aytat","","unresolved"
"LB-LOC-37BF0CFBD037","Baalshmay-AL","","unresolved"
"LB-LOC-985A62A088BF","Baaourta","","unresolved"
"LB-LOC-0D9908AD5ADA","Bahness-AL","","unresolved"
"LB-LOC-C32BC9523D6A","Bdadoun","","unresolved"
"LB-LOC-C1A288A219FC","Bmakine","","unresolved"
"LB-LOC-A5527D6A7E46","Bqaata-AL","","unresolved"
"LB-LOC-7DEB351BC8D5","Bsous","","unresolved"
"LB-LOC-4F9FABD24B78","Btatloun","","unresolved"
"LB-LOC-31E9B02D0FFF","Channay","","unresolved"
"LB-LOC-72012247F3F5","Charchbouk","","unresolved"
"LB-LOC-FF41D04C6B0F","Charoune","","unresolved"
"LB-LOC-DC509E8DA928","Chemlan","","unresolved"
"LB-LOC-8AF4D08B4F84","Dalhamiye","","unresolved"
"LB-LOC-19BB0601DEE2","Deir_Kouche-AL","","unresolved"
"LB-LOC-815C8FB01AA5","Dhahr_el-Hossein","","unresolved"
"LB-LOC-B0DCA057FCCD","Dhahr_el-Mghara","","unresolved"
"LB-LOC-782D7C37379E","Dhahr_es-Souane-AL","","unresolved"
"LB-LOC-613D76CC4AFD","Dhour_Aaley","","unresolved"
"LB-LOC-B4FD835544E4","Dqoun","","unresolved"
"LB-LOC-ED8967DC6193","El-Fawwara","","unresolved"
"LB-LOC-C84D56AFB31A","Gharifeh","","unresolved"
"LB-LOC-B7105AE4C35A","Haret_es-Sit","","unresolved"
"LB-LOC-A839A7EF2D5B","Jisr_el-Qadi-AL","","unresolved"
"LB-LOC-B51DECBB60D7","Kayfoun","","unresolved"
"LB-LOC-E684EF7206BB","Kfar_Amay","","unresolved"
"LB-LOC-E8B29E25DA79","Kfar_Dlaqous","","unresolved"
"LB-LOC-D33B85B0466A","Kfar_Him","","unresolved"
"LB-LOC-4E39788FB9BF","Kfar_Matta","","unresolved"
"LB-LOC-5DD8313A3B7C","Kfar_Nabrakh-AL","","unresolved"
"LB-LOC-69B1D0B7EB43","Khalwat-AL","","unresolved"
"LB-LOC-EB8929D1A5F7","Mahattat_ech-Chouf","","unresolved"
"LB-LOC-AE2BC9F60B46","Majdel_Balda","","unresolved"
"LB-LOC-DB18BD279D1A","Majdel_Maaouche","","unresolved"
"LB-LOC-7EA46CB645D2","Matleh","","unresolved"
"LB-LOC-6FB48A5D46C1","Mcherfeh-AL","","unresolved"
"LB-LOC-D96F30975D1B","Oubaybeh","","unresolved"
"LB-LOC-1370B49DF231","Qabr_Chmoun","","unresolved"
"LB-LOC-84F9D5085F22","Qbeih","","unresolved"
"LB-LOC-6ED12FA6DC0D","Qornayel-AL","","unresolved"
"LB-LOC-F84A4FEA8441","Rechmaya","","unresolved"
"LB-LOC-F06340B25A11","Rwaysset_en-Naaman","","unresolved"
"LB-LOC-069B9E31ABA9","Souq_el-Gharb","","unresolved"
"LB-LOC-C5A308088A1E","Wardaniye","","unresolved"
"LB-LOC-CD6A6D03E565","Aabadiyeh","","unresolved"
"LB-LOC-72AAF5FFB183","Aaley_el-Baabdiye","","unresolved"
"LB-LOC-28B520FB3914","Ain_Drafil","","unresolved"
"LB-LOC-9DCEFCFB728F","Ain_el-Hour","","unresolved"
"LB-LOC-8AFD447B6317","Ain_el-Remmaneh","","unresolved"
"LB-LOC-78A887AF080E","Ainiya","","unresolved"
"LB-LOC-0CFE3C2E75BE","Aley_village","","unresolved"
"LB-LOC-D062F52859F9","Aramoun","","unresolved"
"LB-LOC-229BAE37C901","Araya","","unresolved"
"LB-LOC-AC95D6FCD90F","Baabda","","unresolved"
"LB-LOC-0A5CD68E19EE","Bahness","","unresolved"
"LB-LOC-490B342A8A54","Barja","","unresolved"
"LB-LOC-28AB0737A877","Bchamoun","","unresolved"
"LB-LOC-79A10BC5A0C7","Bedghan","","unresolved"
"LB-LOC-B73E4D8122D8","Bhamdoun","","unresolved"
"LB-LOC-6EC20EA5A18B","Bmahray","","unresolved"
"LB-LOC-F4083C8DE0DE","Bsaba","","unresolved"
"LB-LOC-AB88F7571ACF","Btalloun","","unresolved"
"LB-LOC-B5FB7178A420","Btater","","unresolved"
"LB-LOC-73E7CA940824","Bzebbine-BA","","unresolved"
"LB-LOC-1A474D3DB96F","Chartoun","","unresolved"
"LB-LOC-D389EAD3920A","Chebaa_Baabda","","unresolved"
"LB-LOC-454CE4AE0EDD","Chiyah","","unresolved"
"LB-LOC-03EB8E750882","Deir_Kouche","","unresolved"
"LB-LOC-92090E5ED2D2","Deir_el-Qalaa","","unresolved"
"LB-LOC-952DC9CC0E71","Deir_el-Qamar-BA","","unresolved"
"LB-LOC-5F5D113ABFC4","Dhahr_el-Baydar","","unresolved"
"LB-LOC-917623CC6506","Dhour_el-Barouqiye","","unresolved"
"LB-LOC-A95C39AC4AF4","Douhat_Aramoun","","unresolved"
"LB-LOC-1C7D5EE61C3A","Echourit","","unresolved"
"LB-LOC-FFC0F0988529","El-Azra","","unresolved"
"LB-LOC-0702A5A72292","Fayyadieh","","unresolved"
"LB-LOC-260512DE1F95","Ghaboun","","unresolved"
"LB-LOC-5B340B88BB4E","Hadath","","unresolved"
"LB-LOC-F45718A47E66","Hammana","","unresolved"
"LB-LOC-712E797CB51F","Hazmieh_ech-Chamaliye","","unresolved"
"LB-LOC-5AA9BF40F511","Jamhour_el-Aala","","unresolved"
"LB-LOC-19533207B193","Jnah-BA","","unresolved"
"LB-LOC-DF179E988F88","Kahlouniye","","unresolved"
"LB-LOC-49FCCE286D97","Kayfoun-BA","","unresolved"
"LB-LOC-57263E5617EE","Kfar_Qahel-BA","","unresolved"
"LB-LOC-222325A408C9","Kfarchima","","unresolved"
"LB-LOC-FF75D778368B","Khaldeh","","unresolved"
"LB-LOC-C3C1475A24A8","Knaker_el-Matniye","","unresolved"
"LB-LOC-F0F85472EBA7","Louaizeh","","unresolved"
"LB-LOC-410D7E6CBCD4","Maaysra","","unresolved"
"LB-LOC-3992A4862A36","Majdel_Baana","","unresolved"
"LB-LOC-63BF34C87A33","Manarah-BA","","unresolved"
"LB-LOC-E7F5EBB8CBBD","Mreijeh","","unresolved"
"LB-LOC-6A96236A59B4","Mrouj","","unresolved"
"LB-LOC-8FBD414961D3","Qasqas","","unresolved"
"LB-LOC-2214EB7825BC","Qmatiyeh","","unresolved"
"LB-LOC-EB4ECAD771E8","Qornayel","","unresolved"
"LB-LOC-E0CE2F477C3A","Ras_el-Harf","","unresolved"
"LB-LOC-1F3E3A44F367","Rwaysset_el-Ballout","","unresolved"
"LB-LOC-6DC9E21AD0C4","Sbainiyeh","","unresolved"
"LB-LOC-FA0863E1A6B7","Sofar","","unresolved"
"LB-LOC-3785938A24B6","Wadi_Chahrour","","unresolved"
"LB-LOC-8942249A222B","Wadi_el-Homsiye","","unresolved"
"LB-LOC-01D7B5C4AB22","Wardaniye-BA","","unresolved"
"LB-LOC-576A364BB7F3","Aaley_el-Chouf","","unresolved"
"LB-LOC-5BB4168EF39D","Ain_Qanya","","unresolved"
"LB-LOC-D9ED7CAEDB81","Ain_Trazi","","unresolved"
"LB-LOC-6EC3E4C3BC1A","Ain_Wazein","","unresolved"
"LB-LOC-BB20FB4AE527","Ain_Zhalta","","unresolved"
"LB-LOC-0C2CED204F82","Ain_el-Halzoun","","unresolved"
"LB-LOC-9BC8D3579607","Ain_el-Mir","","unresolved"
"LB-LOC-FC0BE7DB5632","Ain_el-Mir_ech-Chouf","","unresolved"
"LB-LOC-3A90A62B8D56","Ammatour","","unresolved"
"LB-LOC-88F9FA056AAC","Ammatour_el-Aala","","unresolved"
"LB-LOC-9720872BCC9D","Ammiq","","unresolved"
"LB-LOC-1F382A881DFB","Anata","","unresolved"
"LB-LOC-E6BE537811EE","Armata","","unresolved"
"LB-LOC-9F8525FABC57","Baadrane","","unresolved"
"LB-LOC-1D880F51A9F3","Baadrane_el-Fawqa","","unresolved"
"LB-LOC-77DF0749DCEB","Baakline","","unresolved"
"LB-LOC-71B8A72C06FF","Baakline_el-Alya","","unresolved"
"LB-LOC-704919BA71D0","Baakline_et-Tahta","","unresolved"
"LB-LOC-73BA6CDE6D6F","Baaourta-CH","","unresolved"
"LB-LOC-735A6E823EF5","Baayoun","","unresolved"
"LB-LOC-9640C4DC7ACB","Baissour","","unresolved"
"LB-LOC-8E423B8411B1","Barghoun","","unresolved"
"LB-LOC-06BB82961ED5","Barjein","","unresolved"
"LB-LOC-2C8FA6772ECA","Barouk","","unresolved"
"LB-LOC-6A4C4EB5D9AE","Baroun","","unresolved"
"LB-LOC-03F3050E3A5A","Baterloun","","unresolved"
"LB-LOC-7EDE5E9B563F","Bchtafine","","unresolved"
"LB-LOC-6255D4FB047C","Beit_Mery-CH","","unresolved"
"LB-LOC-CE67468698BA","Beiteddine","","unresolved"
"LB-LOC-7C976CF6A0A4","Bkeifa","","unresolved"
"LB-LOC-509765877DB7","Bnouarey","","unresolved"
"LB-LOC-2B2D6B55C6B9","Bqaata_ech-Chouf","","unresolved"
"LB-LOC-79E71B1ECF14","Bqaifa","","unresolved"
"LB-LOC-DA31EE07F883","Breih","","unresolved"
"LB-LOC-7CD0A8BA8502","Brika","","unresolved"
"LB-LOC-8325DF086679","Bsaba-CH","","unresolved"
"LB-LOC-03B1D627CF43","Btater-CH","","unresolved"
"LB-LOC-F2686750AF35","Btatloun_ech-Chouf","","unresolved"
"LB-LOC-B28C1230A292","Charoune-CH","","unresolved"
"LB-LOC-9FA7A5201EFD","Chhim","","unresolved"
"LB-LOC-6ECF1FCDA552","Chhim_ech-Chouf","","unresolved"
"LB-LOC-59BCD2DD6213","Chourit","","unresolved"
"LB-LOC-E1358A6D686D","Daaybeh","","unresolved"
"LB-LOC-EEC19A2EE8A2","Dalyet_ech-Chouf","","unresolved"
"LB-LOC-5CC155A31197","Damour","","unresolved"
"LB-LOC-D18B6F1C361D","Damour_el-Aala","","unresolved"
"LB-LOC-9A66523884CF","Daraya-Chouf","","unresolved"
"LB-LOC-1D6121EF6BD7","Daraya_ech-Choufiye","","unresolved"
"LB-LOC-D461B4F53EC2","Deir_Baba","","unresolved"
"LB-LOC-3C60C2252E30","Deir_Dourit","","unresolved"
"LB-LOC-7923D1794B94","Deir_el-Qamar","","unresolved"
"LB-LOC-786BD2D75782","Deir_el-Qamar_el-Aala","","unresolved"
"LB-LOC-031BC5BA503D","Dhahr_el-Mghara-CH","","unresolved"
"LB-LOC-C1CB538335B5","Faradis","","unresolved"
"LB-LOC-4FD93782272F","Ghaboun-CH","","unresolved"
"LB-LOC-91A1B2B01BE4","Ghaylan","","unresolved"
"LB-LOC-7B4A7224C402","Hasbaya_ech-Chouf","","unresolved"
"LB-LOC-6A424464D881","Houmine_el-Fawqa","","unresolved"
"LB-LOC-493440B3919B","Houmine_et-Tahta","","unresolved"
"LB-LOC-9BF4EB729E1A","Jahiliye","","unresolved"
"LB-LOC-55327E1CE577","Jahliye-2","","unresolved"
"LB-LOC-EC931D38DD2B","Jbaa-CH","","unresolved"
"LB-LOC-EA83277B21C8","Jdeidet_ech-Chouf","","unresolved"
"LB-LOC-0629C9E32F7F","Jiyeh","","unresolved"
"LB-LOC-ABB7C2F2F8FD","Joun","","unresolved"
"LB-LOC-8A7EE9014068","Ketermaya","","unresolved"
"LB-LOC-995F9434698E","Kfar_Beit","","unresolved"
"LB-LOC-5A86AD85EF11","Kfar_Faqoud","","unresolved"
"LB-LOC-59174E80DF4E","Kfar_Him-CH","","unresolved"
"LB-LOC-931EC5AFF86B","Kfar_Houne","","unresolved"
"LB-LOC-9258B8A217E4","Kfar_Milki","","unresolved"
"LB-LOC-01157B2E1219","Kfar_Nabrakh","","unresolved"
"LB-LOC-7E6BDAA3405F","Kfar_Nabrakh-CH2","","unresolved"
"LB-LOC-6ABE84F45458","Kfar_Nabrakh_es-Soufla","","unresolved"
"LB-LOC-38089A760B68","Kfar_Qatra-CH","","unresolved"
"LB-LOC-E43E47861EB8","Kfar_Qouq_ech-Chouf","","unresolved"
"LB-LOC-539D3FF074D6","Kfar_Qouq_ech-Choufi","","unresolved"
"LB-LOC-6318C34D6F36","Khalwat_el-Bayada","","unresolved"
"LB-LOC-F7FAD3B99274","Khirbet_Bisri","","unresolved"
"LB-LOC-374D25AC745C","Khreibeh-CH","","unresolved"
"LB-LOC-7F808967D450","Kniseh-CH","","unresolved"
"LB-LOC-55C47F880233","Kniseh_ech-Choufiye","","unresolved"
"LB-LOC-7A6A50FA450C","Maaser-CH","","unresolved"
"LB-LOC-E0C66FA6773E","Maaser_Beit_ed-Dine","","unresolved"
"LB-LOC-638003D16146","Maaseriti-CH","","unresolved"
"LB-LOC-33F4631E3616","Madirej","","unresolved"
"LB-LOC-398B5E6A565E","Mahattat_Joun","","unresolved"
"LB-LOC-91B44A784D22","Majdalouna","","unresolved"
"LB-LOC-0FA50ED303AA","Maqtaa","","unresolved"
"LB-LOC-82705873857A","Marj_Bisri","","unresolved"
"LB-LOC-52C2C6108FEA","Marj_Bisri_el-Aala","","unresolved"
"LB-LOC-34C27F7B9C9F","Mazboud","","unresolved"
"LB-LOC-D795EE00E3CA","Mazraa-CH","","unresolved"
"LB-LOC-7E6ECD9135F7","Mazraa_el-Fawqa-CH","","unresolved"
"LB-LOC-2E10B488E49B","Mazraa_el-Gharbiye","","unresolved"
"LB-LOC-FAF77B9A5C3B","Mazraat_Beit_ed-Dine","","unresolved"
"LB-LOC-7C4C6CD12CB7","Mazraat_ech-Chouf","","unresolved"
"LB-LOC-77EB3062D9F6","Moukhtara","","unresolved"
"LB-LOC-CD10C7C214F3","Moukhtara_el-Aala","","unresolved"
"LB-LOC-B2C68BDA7358","Moustayita","","unresolved"
"LB-LOC-9DF887952EB5","Mrah_ez-Ziyat","","unresolved"
"LB-LOC-2E5DFD40D5B6","Mresti","","unresolved"
"LB-LOC-5DC42C15EBA8","Naameh","","unresolved"
"LB-LOC-6B48BBBD1288","Niha-CH-2","","unresolved"
"LB-LOC-7D2B89E9184F","Niha_ech-Chouf","","unresolved"
"LB-LOC-7D654747DF97","Qasimiye-CH","","unresolved"
"LB-LOC-BC52609BB7C1","Raml_ech-Chouf","","unresolved"
"LB-LOC-DD3E1ABBD6AD","Ramliyeh","","unresolved"
"LB-LOC-9F82B9C11294","Rashein-CH","","unresolved"
"LB-LOC-5FC800D39336","Semqaniye","","unresolved"
"LB-LOC-1B5BCF7BA624","Semqaniye_el-Aala","","unresolved"
"LB-LOC-A4F07764B474","Sibline","","unresolved"
"LB-LOC-702492EDEB9E","Wadi_ed-Damour","","unresolved"
"LB-LOC-7F4C50195368","Wadi_el-Jawz-CH","","unresolved"
"LB-LOC-2278514160A9","Wadi_es-Sit","","unresolved"
"LB-LOC-D073E88203FC","Wadi_ez-Zeineh","","unresolved"
"LB-LOC-B0C163B2507F","Wardaniye-CH","","unresolved"
"LB-LOC-523A7E1F57DA","Achkout-MT","","unresolved"
"LB-LOC-050EB8321E8F","Ain_Alaq","","unresolved"
"LB-LOC-EE978EEADC35","Ain_Saadeh","","unresolved"
"LB-LOC-E6CD040B05F9","Ain_es-Safsafeh","","unresolved"
"LB-LOC-97A9C7A316E8","Ain_es-Sindyaneh","","unresolved"
"LB-LOC-27AD4E8A0787","Antelias","","unresolved"
"LB-LOC-BFFD18BB2F30","Antelias_Sahel","","unresolved"
"LB-LOC-5C7DBC5A66D8","Arsoun","","unresolved"
"LB-LOC-EBEC5CEE4235","Atchaneh","","unresolved"
"LB-LOC-BEE2CDB2DA6E","Baabdat-MT","","unresolved"
"LB-LOC-C70113329F72","Baalshmay","","unresolved"
"LB-LOC-8AE40435683A","Baskinta","","unresolved"
"LB-LOC-03978F41B3BE","Baskinta_el-Aala","","unresolved"
"LB-LOC-C4559C8824E7","Beit_Chabab","","unresolved"
"LB-LOC-256A59071C3B","Beit_Mery","","unresolved"
"LB-LOC-1BD0F11F2653","Beit_Mery_et-Tahta","","unresolved"
"LB-LOC-D7F887521349","Beit_ech-Chaar","","unresolved"
"LB-LOC-4FF47EE60C94","Bikfaya","","unresolved"
"LB-LOC-D6215DE7D20F","Bouchrieh","","unresolved"
"LB-LOC-A5D48CF278AA","Bourj_Hammoud","","unresolved"
"LB-LOC-F4B48427EE16","Broummana","","unresolved"
"LB-LOC-FE7A9EAAC52D","Bsalim","","unresolved"
"LB-LOC-74FBBAFF503A","Btater-MT","","unresolved"
"LB-LOC-E7C0E49B6039","Btighrine","","unresolved"
"LB-LOC-E542DFD6B4C3","Bzebbdine","","unresolved"
"LB-LOC-3A83FB8C30BD","Chabanieh","","unresolved"
"LB-LOC-DAA9CDD473F5","Choueifat_el-Metn","","unresolved"
"LB-LOC-DF406BB063F7","Dbayeh","","unresolved"
"LB-LOC-E233D88B0C73","Deir_Mar_Charbel","","unresolved"
"LB-LOC-064876BA3EC9","Deir_Mar_Elias","","unresolved"
"LB-LOC-36D1796A6BDD","Deir_el-Harf-MT","","unresolved"
"LB-LOC-8C76E821F40D","Dekwaneh","","unresolved"
"LB-LOC-59446F2771D3","Dhahr_es-Souane","","unresolved"
"LB-LOC-AFBEB6AFADCF","Dhour_Bikfaya","","unresolved"
"LB-LOC-A2A6044B2A4D","Dhour_Choueir","","unresolved"
"LB-LOC-200F58C3E624","Dwar","","unresolved"
"LB-LOC-210F2D9FC77A","El-Barjein-MT","","unresolved"
"LB-LOC-0C7D2232EB73","El-Fanar","","unresolved"
"LB-LOC-41EC1907B0CB","El-Hamra-MT","","unresolved"
"LB-LOC-CE862C6CF65C","El-Mansif","","unresolved"
"LB-LOC-1CA24791E479","El-Mtein","","unresolved"
"LB-LOC-91DB8AFAFA16","Et-Tin","","unresolved"
"LB-LOC-703C07069774","Falougha","","unresolved"
"LB-LOC-490E68FE517A","Farhat","","unresolved"
"LB-LOC-558845300D25","Hamlaya","","unresolved"
"LB-LOC-40E5813F5DF8","Haylaneh","","unresolved"
"LB-LOC-508379D85177","Hazmieh","","unresolved"
"LB-LOC-ECC3F504DCA8","Ilij","","unresolved"
"LB-LOC-5978587EB1B3","Iqlim_el-Kharroub-MT","","unresolved"
"LB-LOC-170702AE91EB","Jamhour","","unresolved"
"LB-LOC-077A9BA584B7","Jamhour_ech-Chamaliye","","unresolved"
"LB-LOC-6F06E2E872AB","Jbeil_el-Metn","","unresolved"
"LB-LOC-A9F445F89B5B","Jdeideh","","unresolved"
"LB-LOC-7AC1738FEBD7","Jezzine_el-Metn","","unresolved"
"LB-LOC-B1CC5F7C65BE","Jisr_el-Qadi","","unresolved"
"LB-LOC-8C4EC71EFC87","Jwar_el-Hawz","","unresolved"
"LB-LOC-058396174017","Jwar_el-Hawz_el-Metn","","unresolved"
"LB-LOC-DF86F132B0B0","Kaslik-MT","","unresolved"
"LB-LOC-0D047689C1FC","Keserwan_el-Ftouh","","unresolved"
"LB-LOC-AE291E0A44E6","Kfar_Aqab","","unresolved"
"LB-LOC-1BA8BD6E5BB8","Kfar_Qatra","","unresolved"
"LB-LOC-D385C86B055A","Kfarnaseh","","unresolved"
"LB-LOC-E046546B0472","Kfarsalwan","","unresolved"
"LB-LOC-DB10E32B9E3D","Kfaryasin_el-Metn","","unresolved"
"LB-LOC-00C4D22D5C1E","Khneyshireh","","unresolved"
"LB-LOC-A4D07317827F","Maaysra_el-Matniye","","unresolved"
"LB-LOC-7453C03A3044","Majdal_Trab","","unresolved"
"LB-LOC-C66AC25CAE22","Mansourieh","","unresolved"
"LB-LOC-832134DDE44A","Mansouriyet_el-Metn","","unresolved"
"LB-LOC-90E5E5EDCDBB","Mar_Charbel","","unresolved"
"LB-LOC-C2A76F9E10CC","Mar_Moussa","","unresolved"
"LB-LOC-25C23145D945","Mazraat_Yachoua-MT","","unresolved"
"LB-LOC-E815116561B6","Mazraat_ech-Chouf-MT","","unresolved"
"LB-LOC-F15EE3D5B2A4","Mqaybis","","unresolved"
"LB-LOC-05B19ABBB7A6","Mtayreit","","unresolved"
"LB-LOC-8DCD1DEE7445","Mtein_el-Aala","","unresolved"
"LB-LOC-EF5ED3652349","Mtein_el-Fawqa","","unresolved"
"LB-LOC-23B2864DD8B8","Nahr_el-Mott","","unresolved"
"LB-LOC-8FE9A6A8A542","Qaaaqour","","unresolved"
"LB-LOC-3BE4CA069809","Qarnaoun","","unresolved"
"LB-LOC-112BE7B08EC7","Qornet_Chahwan","","unresolved"
"LB-LOC-ADE8DC23BE75","Qornet_el-Ballout","","unresolved"
"LB-LOC-B4690E73CF00","Qornet_el-Hamra","","unresolved"
"LB-LOC-AB226EC6D9E5","Rabieh","","unresolved"
"LB-LOC-97F5D7FF6EEF","Ras_el-Metn","","unresolved"
"LB-LOC-22C8DEB98249","Sad_el-Bouchrieh","","unresolved"
"LB-LOC-DB2A641755AC","Sannine","","unresolved"
"LB-LOC-3EFE4FB6A74D","Sin_el-Fil","","unresolved"
"LB-LOC-58DC89B62229","Tarchich","","unresolved"
"LB-LOC-650DCF44A66E","Wadi_Chahrour_el-Aala","","unresolved"
"LB-LOC-FE85840D9AB0","Wadi_el-Ballout","","unresolved"
"LB-LOC-D8B1DBCF5FFD","Wadi_el-Meyten","","unresolved"
"LB-LOC-77FB25B0757D","Warqa","","unresolved"
"LB-LOC-6F4FCF3B3778","Zaghdrine","","unresolved"
"LB-LOC-0EB38504D857","Zalka","","unresolved"
"LB-LOC-3E635F525BFA","Aalmat","","unresolved"
"LB-LOC-B9963F4FFE82","Aalmat_ech-Chamaliyeh","","unresolved"
"LB-LOC-51730303A60B","Aalmat_es-Soufla","","unresolved"
"LB-LOC-72FD54533E2D","Adonis","","unresolved"
"LB-LOC-1B438E6F8F9D","Ain_Akrine","","unresolved"
"LB-LOC-025C55AB803C","Ain_Kfaa","","unresolved"
"LB-LOC-B838CAB2695C","Ain_ed-Delbeh","","unresolved"
"LB-LOC-97321FB9C3E1","Ain_el-Ghouaybeh","","unresolved"
"LB-LOC-65D85584A43E","Ain_er-Rihaneh","","unresolved"
"LB-LOC-29390BC3DDE1","Amchit","","unresolved"
"LB-LOC-35B3C9E74236","Annaya","","unresolved"
"LB-LOC-F1072BAAEC4E","Aqoura","","unresolved"
"LB-LOC-0150943EC650","Baabdat-JB","","unresolved"
"LB-LOC-AC96C800035C","Bane","","unresolved"
"LB-LOC-D8C214713902","Barbara","","unresolved"
"LB-LOC-68A01FE22488","Beit_Hbbaq","","unresolved"
"LB-LOC-586C53D0A518","Beshtelida","","unresolved"
"LB-LOC-79255EC23CBF","Bijjeh","","unresolved"
"LB-LOC-9FC09C4952EB","Blat","","unresolved"
"LB-LOC-72604525220A","Bqaata","","unresolved"
"LB-LOC-0CDA56F3EE9D","Bqaatouta","","unresolved"
"LB-LOC-CC3A1DBD0C6B","Chamat","","unresolved"
"LB-LOC-E4C4A26B59B9","Deir_Mama","","unresolved"
"LB-LOC-2E1655C2E629","Demlsa","","unresolved"
"LB-LOC-D55A56A7BE9A","Ehmej","","unresolved"
"LB-LOC-D52190D58BA6","Fdar","","unresolved"
"LB-LOC-C9D53CB40552","Fidar","","unresolved"
"LB-LOC-DD1A5474AD29","Frat","","unresolved"
"LB-LOC-D4DD61524113","Ghalboun","","unresolved"
"LB-LOC-EE768B031BA9","Gharzuz","","unresolved"
"LB-LOC-E91B346C4EA8","Hadchit-JB","","unresolved"
"LB-LOC-385351EC21B2","Halat","","unresolved"
"LB-LOC-AD0DD1F12D24","Haqel","","unresolved"
"LB-LOC-41122D3E827E","Harach","","unresolved"
"LB-LOC-E1F7492385DA","Hattout","","unresolved"
"LB-LOC-F4BF66959BA5","Hbaline","","unresolved"
"LB-LOC-442A39B4241F","Hboub","","unresolved"
"LB-LOC-4ACB7CBFC627","Hsarat","","unresolved"
"LB-LOC-145E94991145","Hsrayel","","unresolved"
"LB-LOC-3A281D8186A4","Jaj","","unresolved"
"LB-LOC-1252F6B76E0E","Jbeil","","unresolved"
"LB-LOC-C67C06A3E2E4","Jdayel","","unresolved"
"LB-LOC-2BEF9D86D93B","Jerbta","","unresolved"
"LB-LOC-A246938115F6","Jrane","","unresolved"
"LB-LOC-28A1A9A229FC","Kfar_Halda","","unresolved"
"LB-LOC-868520FA9EAB","Kfar_Helous-JB","","unresolved"
"LB-LOC-62BD1E2F5DD9","Kfar_Mashki","","unresolved"
"LB-LOC-4CA8FAFD54E6","Kfar_Qahel","","unresolved"
"LB-LOC-77FCFC97B5DF","Kfoun","","unresolved"
"LB-LOC-C154DE75097F","Kfour-JB","","unresolved"
"LB-LOC-8FCD02ADB776","Kherbeh-JB","","unresolved"
"LB-LOC-828F3F5F4E6D","Koursafia","","unresolved"
"LB-LOC-1B0CAB6007A5","Lasa","","unresolved"
"LB-LOC-E1608FF797A7","Lasa_el-Fawqa","","unresolved"
"LB-LOC-EA3C63848EE7","Lehfed","","unresolved"
"LB-LOC-2D4CC5E14A08","Majdala-JB","","unresolved"
"LB-LOC-806A7D01D593","Majdel_Anjar-JB","","unresolved"
"LB-LOC-6B25B8CBB043","Masbki","","unresolved"
"LB-LOC-350F4182C6FF","Mayruba","","unresolved"
"LB-LOC-49C76363E9A5","Mazraat_Safra","","unresolved"
"LB-LOC-1C59EA74A822","Mazraat_el-Kniseh","","unresolved"
"LB-LOC-DB3F44C163CA","Mazraat_en-Nahr","","unresolved"
"LB-LOC-CDFF394CE106","Mechan","","unresolved"
"LB-LOC-5BFE74BD1C36","Mechmech","","unresolved"
"LB-LOC-B667D22C01CE","Mechqita","","unresolved"
"LB-LOC-5B7A8AE39139","Menjez-JB","","unresolved"
"LB-LOC-B4F4AE8E6A70","Mghayreh","","unresolved"
"LB-LOC-974702DABFEF","Mrah_Chdid","","unresolved"
"LB-LOC-E83BFF3C7AF2","Nahla","","unresolved"
"LB-LOC-0388EC4B7963","Nahr_Ibrahim","","unresolved"
"LB-LOC-E24F463A2AF3","Nbaa_el-Hammam","","unresolved"
"LB-LOC-EE0450F20367","Qaitaa","","unresolved"
"LB-LOC-B059AAC7BE1F","Qartaba","","unresolved"
"LB-LOC-2D5772C596D7","Rachmech","","unresolved"
"LB-LOC-3D14CD095888","Rachqin","","unresolved"
"LB-LOC-CBB6CB08D417","Raifoun","","unresolved"
"LB-LOC-5F65141F3CD8","Ras_Osta","","unresolved"
"LB-LOC-99EB211ABD0F","Sourat","","unresolved"
"LB-LOC-5F836DD6898D","Tartij","","unresolved"
"LB-LOC-2D3427240C74","Tourza","","unresolved"
"LB-LOC-6B33EAA98811","Wadi_Jilo","","unresolved"
"LB-LOC-C2757E959E7E","Wata_Houb","","unresolved"
"LB-LOC-D68D07E69553","Yanouh","","unresolved"
"LB-LOC-1E901C1A3A30","Zbdine","","unresolved"
"LB-LOC-E9E92DD5C47E","Zouq_Hadara","","unresolved"
"LB-LOC-B1A3F7096B2A","Achqout","","unresolved"
"LB-LOC-1E3900A6CD76","Adma","","unresolved"
"LB-LOC-F1927D455178","Ain_er-Remmaneh-KS","","unresolved"
"LB-LOC-44948970BDB5","Aintoura","","unresolved"
"LB-LOC-CB2E58F2B9C9","Ajaltoun","","unresolved"
"LB-LOC-40858F5D4FDE","Baabdat-KS","","unresolved"
"LB-LOC-CB886955B6B5","Ballouneh","","unresolved"
"LB-LOC-0A9C2E3BA127","Ballouneh_el-Fawqa","","unresolved"
"LB-LOC-147791E57E00","Boulonia","","unresolved"
"LB-LOC-058B0EA1F5C5","Bqaata-KS","","unresolved"
"LB-LOC-FA0B4EB04F98","Chakhloua","","unresolved"
"LB-LOC-57ADB1213407","Chawyeh","","unresolved"
"LB-LOC-7A6F9EE0668B","Chnanir","","unresolved"
"LB-LOC-FB60B86B0AA4","Clemenceau-KS","","unresolved"
"LB-LOC-9B600591E2A5","Daraya","","unresolved"
"LB-LOC-D647B8C2C478","Dbaiyeh","","unresolved"
"LB-LOC-DC68B7157BFB","Dik_el-Mehdi","","unresolved"
"LB-LOC-6DD30ACCE539","Dlebta","","unresolved"
"LB-LOC-2436729308E6","El_Barbara-KS","","unresolved"
"LB-LOC-6989EA41D998","Fariaya","","unresolved"
"LB-LOC-624C218676C1","Fatqa","","unresolved"
"LB-LOC-36F0B8136A39","Feitrun","","unresolved"
"LB-LOC-0738DA12DEC3","Ghadir","","unresolved"
"LB-LOC-066CB11D426A","Ghazir","","unresolved"
"LB-LOC-5A9AEAF72003","Ghineh","","unresolved"
"LB-LOC-1C452FA99E2D","Ghousta","","unresolved"
"LB-LOC-32F64C4980C3","Habtour","","unresolved"
"LB-LOC-4BA38A62B022","Hamlaya-KS","","unresolved"
"LB-LOC-C3B3787A6004","Harach-KS","","unresolved"
"LB-LOC-9EF478A17EC8","Harissa","","unresolved"
"LB-LOC-6647D02F8570","Harissa_ech-Chitawiye","","unresolved"
"LB-LOC-4B7F206DE7C1","Hasroun-KS","","unresolved"
"LB-LOC-48561FC66D0E","Hrajel","","unresolved"
"LB-LOC-B64AC5BB91BA","Jeita","","unresolved"
"LB-LOC-F3A2C606B532","Jounieh","","unresolved"
"LB-LOC-4B4F65A93434","Jounieh_el-Bahriye","","unresolved"
"LB-LOC-1C7FBC5DE0F1","Kaslik","","unresolved"
"LB-LOC-E5BE80736B40","Kfar_Hay","","unresolved"
"LB-LOC-4223692CDAC0","Kfar_Hbab","","unresolved"
"LB-LOC-CD52D7533EA7","Kfardbian_ech-Chitawiye","","unresolved"
"LB-LOC-0D1925F1D0DF","Kfardebian","","unresolved"
"LB-LOC-600583C6230A","Kfartay","","unresolved"
"LB-LOC-9C33F3742B98","Kfaryasin","","unresolved"
"LB-LOC-7110D462E4F8","Kfifane","","unresolved"
"LB-LOC-0E4CF3FED84D","Khenchara-KS","","unresolved"
"LB-LOC-E674E68E5B1F","Maameltein","","unresolved"
"LB-LOC-2799F876E84F","Maarab","","unresolved"
"LB-LOC-B8F6D096BC6D","Mayruba-KS","","unresolved"
"LB-LOC-4107E96D4E46","Mayruba_et-Tahta","","unresolved"
"LB-LOC-0658032EAA18","Mazraat_Yachoua","","unresolved"
"LB-LOC-E380AA89660A","Nahr_ed-Dahab","","unresolved"
"LB-LOC-1E675AC79259","Nahr_el-Kalb","","unresolved"
"LB-LOC-8655030458DD","Oyoun_es-Simane","","unresolved"
"LB-LOC-A46A15472605","Qattara","","unresolved"
"LB-LOC-7D4A40E9171C","Qetra","","unresolved"
"LB-LOC-7DD0E5B58E97","Qlaiaat","","unresolved"
"LB-LOC-3130C537D6AE","Raachine","","unresolved"
"LB-LOC-DE7BACD2BF61","Raifoun-KS","","unresolved"
"LB-LOC-CEAAA2349682","Safra","","unresolved"
"LB-LOC-79ADA943BFB1","Sahel_Alma","","unresolved"
"LB-LOC-BB8DF1C720B2","Sarba","","unresolved"
"LB-LOC-497B54BB4729","Sehaileh","","unresolved"
"LB-LOC-45225FEFA5EA","Tabarja","","unresolved"
"LB-LOC-B4A72A8A9D12","Wadi_el-Arayech","","unresolved"
"LB-LOC-A7E22F610873","Wata_el-Jawz","","unresolved"
"LB-LOC-FF5AC17C52BC","Yahchouch","","unresolved"
"LB-LOC-05284921195A","Zouk_Mikael","","unresolved"
"LB-LOC-63A15AD789DE","Zouk_Mosbeh","","unresolved"
"LB-LOC-E26C059A704F","Zouq_el-Hbalseh","","unresolved"
"LB-LOC-A010A914125B","Zouq_el-Kharab","","unresolved"
"LB-LOC-D88ADD607712","Aarbsalim-BJ","","unresolved"
"LB-LOC-AF50F43D1448","Ain_Ibl-BJ","","unresolved"
"LB-LOC-39DC85FC718C","Ain_et-Tineh-BJ","","unresolved"
"LB-LOC-8BAADCCDEA30","Ainata","","unresolved"
"LB-LOC-4186E63F4815","Ainata_el-Fawqa","","unresolved"
"LB-LOC-24414CAB914F","Aita_ech-Chaab","","unresolved"
"LB-LOC-C2B238296763","Aita_ech-Chaab_el-Aala","","unresolved"
"LB-LOC-03880784ED11","Aita_ez-Zott","","unresolved"
"LB-LOC-1C4E5DAA2E38","Aitaroun","","unresolved"
"LB-LOC-E9EF0299071D","Aitaroun_el-Aala","","unresolved"
"LB-LOC-70B7AAC962B1","Aytit-BJ","","unresolved"
"LB-LOC-86B529555864","Beit_Layf-BJ","","unresolved"
"LB-LOC-63E2745F5F3C","Beit_Yahoun-BJ","","unresolved"
"LB-LOC-A926F4EDBD26","Bint_Jbeil","","unresolved"
"LB-LOC-AB0BA18501FE","Braasheet","","unresolved"
"LB-LOC-23914381DA69","Chaqra-BJ","","unresolved"
"LB-LOC-1AAF58F9FAEB","Debl-BJ","","unresolved"
"LB-LOC-FD5CA9DE1F5F","Deir_Antar","","unresolved"
"LB-LOC-4C13F2710FAE","Deir_Qanoun_en-Nahr-BJ","","unresolved"
"LB-LOC-3502A4E12D54","El-Qouzah_el-Aala","","unresolved"
"LB-LOC-CCD10C23EFBF","El_Qouzah","","unresolved"
"LB-LOC-AEA5E2B16444","Froun","","unresolved"
"LB-LOC-FE1DA6C20E89","Hadatha-BJ","","unresolved"
"LB-LOC-57C840816391","Hanine","","unresolved"
"LB-LOC-6875798EE27F","Hariss-BJ","","unresolved"
"LB-LOC-FB15EFF0607C","Houla","","unresolved"
"LB-LOC-2D8467AA09B4","Houla_el-Fawqa","","unresolved"
"LB-LOC-7D0FDFC10A2A","Janoubiye","","unresolved"
"LB-LOC-8EE0C7B4C986","Jbaa-BJ-2","","unresolved"
"LB-LOC-FAE0C74B8280","Jbal_el-Botm-BJ","","unresolved"
"LB-LOC-91D64551E48B","Kfar_Dounine-BJ","","unresolved"
"LB-LOC-997F314234A7","Kfar_Hammam-BJ","","unresolved"
"LB-LOC-F3192AB042CE","Kfar_Kila-BJ","","unresolved"
"LB-LOC-DB7962789978","Khirbet_Selm","","unresolved"
"LB-LOC-D441C5C00AE9","Kounine","","unresolved"
"LB-LOC-9FA567B87FAE","Majdel_Selm-BJ","","unresolved"
"LB-LOC-E6F6AE583F4F","Majdel_ej-Jnubi","","unresolved"
"LB-LOC-B2965213AEBC","Mansouri-BJ","","unresolved"
"LB-LOC-38C353D74BBB","Maroun-BJ","","unresolved"
"LB-LOC-E390397CE21A","Maroun_er-Ras","","unresolved"
"LB-LOC-476B680EBF4B","Maroun_er-Ras_el-Aala","","unresolved"
"LB-LOC-04D35764D624","Qabrikha-BJ","","unresolved"
"LB-LOC-C1A485C9E01B","Qantra-BJ","","unresolved"
"LB-LOC-280E2B6D7B20","Rab_Tlatine-BJ","","unresolved"
"LB-LOC-EBEF025A9A99","Rmeish","","unresolved"
"LB-LOC-49581BD60F2D","Rmeish_el-Aala","","unresolved"
"LB-LOC-48F1ED9F9A1F","Safad_el-Battikh","","unresolved"
"LB-LOC-E4F63E055EF8","Saileh","","unresolved"
"LB-LOC-7E46204DEEA9","Sarba_ej-Janoubiye","","unresolved"
"LB-LOC-7010C8BF744E","Shamaa-BJ","","unresolved"
"LB-LOC-448881054ECE","Souayri-BJ","","unresolved"
"LB-LOC-D19E60871E0B","Sultaniye","","unresolved"
"LB-LOC-BEF77FEA00C9","Tair_Filsi","","unresolved"
"LB-LOC-0BFE50CEA78B","Tair_Harfa-BJ","","unresolved"
"LB-LOC-41A25554A813","Teiri-BJ","","unresolved"
"LB-LOC-7CCD0E1DA262","Tibnine","","unresolved"
"LB-LOC-D8D7033EC5E2","Toura","","unresolved"
"LB-LOC-13E8DB6E1DFF","Yahmar_ech-Chqif-BJ","","unresolved"
"LB-LOC-647B0648F996","Yarine","","unresolved"
"LB-LOC-B0902F42A837","Yaroun","","unresolved"
"LB-LOC-A0C06DA5C261","Yaroun_el-Aala","","unresolved"
"LB-LOC-50C1881D07BF","Ain_Aata-HB","","unresolved"
"LB-LOC-9215FBC87B6A","Ain_Jarfa","","unresolved"
"LB-LOC-ED1EB96ED12D","Ain_Qanya-HB","","unresolved"
"LB-LOC-1A142E890305","Chebaa","","unresolved"
"LB-LOC-26BC5298927D","Chebaa_el-Aala","","unresolved"
"LB-LOC-86706A4DEEBC","Chebaa_el-Aqariyeh","","unresolved"
"LB-LOC-F88899A79119","Deir_Mimas","","unresolved"
"LB-LOC-16C57984662F","Faowar_Anjar","","unresolved"
"LB-LOC-38F8136CC291","Fardis","","unresolved"
"LB-LOC-1529AE2B53A9","Fardis_el-Aala","","unresolved"
"LB-LOC-4DC23144E4BE","Fardis_el-Hasbaniye","","unresolved"
"LB-LOC-D8C51AC4C2FC","Halweh-HB","","unresolved"
"LB-LOC-94A8EC7DBF55","Hasbaya","","unresolved"
"LB-LOC-6A35C69F597A","Hasbaya_el-Balad","","unresolved"
"LB-LOC-45DF3FCD396F","Hbbariye-HB","","unresolved"
"LB-LOC-4B65D2AC94A4","Ibl_el-Qamh","","unresolved"
"LB-LOC-7FAA7C2C0A12","Jabal_ech-Cheikh","","unresolved"
"LB-LOC-D0C433219833","Kawkaba","","unresolved"
"LB-LOC-34C9C62492CA","Kawkaba_el-Fawqa","","unresolved"
"LB-LOC-E04AE65942E9","Kawkaba_et-Tahta","","unresolved"
"LB-LOC-BFFC1078A305","Kfar_Chouba","","unresolved"
"LB-LOC-A59A9188A76F","Kfar_Chouba_el-Aala","","unresolved"
"LB-LOC-E092ABD1A775","Kfir-HB","","unresolved"
"LB-LOC-814D125FCB8C","Khalwat","","unresolved"
"LB-LOC-56D46C4AA726","Khalwat_el-Aala","","unresolved"
"LB-LOC-453965BF9B29","Khalweh-HB","","unresolved"
"LB-LOC-04959CC5993C","Manarah-HB","","unresolved"
"LB-LOC-9C31937B081E","Mansoura-HB","","unresolved"
"LB-LOC-0B22AE999BCC","Marj_el-Khokh","","unresolved"
"LB-LOC-C99F6AA7AD1C","Maymis-HB","","unresolved"
"LB-LOC-9C6C6A2658FD","Rachaya_el-Foukhar","","unresolved"
"LB-LOC-9F8C7AC41F74","Rachaya_el-Foukhar_el-Aala","","unresolved"
"LB-LOC-7D58DBAD2D57","Adayseh","","unresolved"
"LB-LOC-E130DD098E37","Adeisseh","","unresolved"
"LB-LOC-55B7ABFCA2F1","Adeisseh_el-Aala","","unresolved"
"LB-LOC-2A5D621FFDA2","Ain_Ibl-MJ","","unresolved"
"LB-LOC-0430F39B234E","Almane-MJ","","unresolved"
"LB-LOC-510F5A782470","Arnoun_el-Aala","","unresolved"
"LB-LOC-06D314930336","Balda-MJ","","unresolved"
"LB-LOC-EB389E199910","Barghaz","","unresolved"
"LB-LOC-80075061D2BA","Beit_Yahoun-MJ","","unresolved"
"LB-LOC-D8BA24B16148","Blat-MJ","","unresolved"
"LB-LOC-0B8472A215BF","Burj_el-Moulouk-MJ","","unresolved"
"LB-LOC-C55AFF11BFC2","Chaqra-MJ","","unresolved"
"LB-LOC-C889CAA9DD93","Deir_Siriane","","unresolved"
"LB-LOC-84485379AFEB","Dibin","","unresolved"
"LB-LOC-F6D90115C8F3","Dibin_el-Aala","","unresolved"
"LB-LOC-10DD7F6DF153","Hadatha-MJ","","unresolved"
"LB-LOC-5034A9CC9347","Hariss","","unresolved"
"LB-LOC-A00057B394A8","Hasbaya_el-Aala-MJ","","unresolved"
"LB-LOC-B04BBE0EAA7B","Hloussiye","","unresolved"
"LB-LOC-8C28B3AF192E","Houla-MJ","","unresolved"
"LB-LOC-914C2060BDBB","Hounin","","unresolved"
"LB-LOC-23A3366AE1DB","Ibl_es-Saqi","","unresolved"
"LB-LOC-86378A287067","Ibl_es-Saqi_el-Fawqa","","unresolved"
"LB-LOC-8CE4A3FE2426","Kfar_Dounine-MJ","","unresolved"
"LB-LOC-98ABFD44D53A","Kfar_Hammam","","unresolved"
"LB-LOC-011F474B22C7","Kfar_Kila","","unresolved"
"LB-LOC-BF32E36D69B0","Kfar_Kila_el-Aala","","unresolved"
"LB-LOC-FC4FDC8F4318","Kfar_Tibnit-MJ","","unresolved"
"LB-LOC-4193285F1F32","Khiam","","unresolved"
"LB-LOC-6B11E97A7087","Khiam_el-Aala","","unresolved"
"LB-LOC-D9344EF90D51","Majdel_Selm-MJ","","unresolved"
"LB-LOC-C13FABB63BEB","Mansoura-MJ","","unresolved"
"LB-LOC-62EF34CC992B","Marjayoun","","unresolved"
"LB-LOC-2B18DF95DCE6","Marjayoun_el-Balad","","unresolved"
"LB-LOC-E62E8D1550CD","Markaba","","unresolved"
"LB-LOC-DEC569746AFB","Mays_el-Jabal","","unresolved"
"LB-LOC-DE90EC119721","Mazraat_Machref","","unresolved"
"LB-LOC-3B005B852CCD","Qabrikha","","unresolved"
"LB-LOC-7884C95CA352","Qantra","","unresolved"
"LB-LOC-F5EBB4C038D8","Qlaiaa","","unresolved"
"LB-LOC-2140F955ED67","Qlaiaa_el-Aala","","unresolved"
"LB-LOC-6CFE34ACB938","Qlayaa_et-Tahta","","unresolved"
"LB-LOC-23940FF984B0","Qolaya","","unresolved"
"LB-LOC-83996722F297","Qouzah_el-Fawqa","","unresolved"
"LB-LOC-9E485A6E5852","Rab_Tlatine-MJ","","unresolved"
"LB-LOC-277F3D9DC9B1","Rmeish-MJ","","unresolved"
"LB-LOC-451B42B298A4","Sawaneh-MJ","","unresolved"
"LB-LOC-76EF995A0C3A","Tallousseh","","unresolved"
"LB-LOC-4BC426B24644","Taybeh","","unresolved"
"LB-LOC-B23B32D637FF","Taybeh_el-Fawqa","","unresolved"
"LB-LOC-492ACC4DCF72","Teiri-MJ","","unresolved"
"LB-LOC-B591FB07F6E3","Yaroun-MJ","","unresolved"
"LB-LOC-D1B12A536577","Aarbsalim-NB","","unresolved"
"LB-LOC-C74B8832A125","Adchit","","unresolved"
"LB-LOC-CDD53322FFDF","Almane-NB","","unresolved"
"LB-LOC-C65E60433297","Ansar","","unresolved"
"LB-LOC-E29BB96F61F1","Ansar_el-Fawqa","","unresolved"
"LB-LOC-B208F289D036","Ansariyeh","","unresolved"
"LB-LOC-C2E8CFEEF112","Arab_Salim","","unresolved"
"LB-LOC-56C9CB6CF487","Arnoun","","unresolved"
"LB-LOC-114E80FA8252","Aychiye-NB","","unresolved"
"LB-LOC-41B3D1A26632","Barghliye","","unresolved"
"LB-LOC-C960DB7048CB","Chaqraa","","unresolved"
"LB-LOC-C071D01DB2EE","Charqiye-NB","","unresolved"
"LB-LOC-4DC5CACFAC3F","Choumariye","","unresolved"
"LB-LOC-1696E679109A","Dawayer","","unresolved"
"LB-LOC-BD338A943FDF","Dawayer_el-Aala","","unresolved"
"LB-LOC-76C4840F76F3","Deir_ez-Zahrani","","unresolved"
"LB-LOC-5869915E148C","Habbouch","","unresolved"
"LB-LOC-04046C5CACE4","Habbouch_el-Aala","","unresolved"
"LB-LOC-4F556AD12358","Harouf","","unresolved"
"LB-LOC-82464184486D","Hbaline-NB","","unresolved"
"LB-LOC-A9B0080D418E","Hbbariye","","unresolved"
"LB-LOC-B08075740798","Houmine_el-Fawqa-NB","","unresolved"
"LB-LOC-C48D87480560","Houmine_et-Tahta-NB","","unresolved"
"LB-LOC-6642B9E9E923","Ibl_es-Saqi-NB","","unresolved"
"LB-LOC-286EB7741825","Jarjoua","","unresolved"
"LB-LOC-EF21B37C650F","Jbaa","","unresolved"
"LB-LOC-BA7FF245C943","Jbaa_el-Aala","","unresolved"
"LB-LOC-EB557440AEF0","Kfar_Djal","","unresolved"
"LB-LOC-C21A2D053C01","Kfar_Fila","","unresolved"
"LB-LOC-4CB959216EB7","Kfar_Fila_el-Aala","","unresolved"
"LB-LOC-9F6FC2F6A543","Kfar_Hatta","","unresolved"
"LB-LOC-EDA1495FB25F","Kfar_Jouz","","unresolved"
"LB-LOC-74A6C7FCCD86","Kfar_Jouz_el-Aala","","unresolved"
"LB-LOC-ECE299145D32","Kfar_Mane","","unresolved"
"LB-LOC-464AF7957D91","Kfar_Rumman","","unresolved"
"LB-LOC-957741F3725E","Kfar_Rumman_el-Aala","","unresolved"
"LB-LOC-719E5E4D4F75","Kfar_Sir","","unresolved"
"LB-LOC-4C24C27A627E","Kfar_Sir_el-Gharbi","","unresolved"
"LB-LOC-4C6FC518D74F","Kfar_Tibnit","","unresolved"
"LB-LOC-6C365FA5A2DE","Kfar_Tibnit_el-Aala","","unresolved"
"LB-LOC-903817B5204D","Kfour-NB","","unresolved"
"LB-LOC-AD7936C54277","Majdel_Selm-NB","","unresolved"
"LB-LOC-B8B5B91F7DE1","Mcherfeh-NB","","unresolved"
"LB-LOC-1ECEF0AE5A37","Nabatieh","","unresolved"
"LB-LOC-46363620F65D","Nabatieh_el-Fawqa","","unresolved"
"LB-LOC-3774CC750CE2","Nabatieh_et-Tahta","","unresolved"
"LB-LOC-089A75399096","Qana-NB","","unresolved"
"LB-LOC-3DE2DB9D9142","Qsaybeh","","unresolved"
"LB-LOC-02ABD05FB06A","Sawaneh","","unresolved"
"LB-LOC-DAC9C09874E4","Taybeh-NB","","unresolved"
"LB-LOC-272F029ABFDB","Toul","","unresolved"
"LB-LOC-1CCCDE9359DA","Yahmar-NB","","unresolved"
"LB-LOC-0358D86E2159","Zbdine-NB","","unresolved"
"LB-LOC-497F51D72CE8","Zbqin","","unresolved"
"LB-LOC-2654B4FA8D71","Zoutar_ech-Charqiye","","unresolved"
"LB-LOC-ECBC8EA3C4D5","Zoutar_el-Gharbiye","","unresolved"
