stage,state,detail
preflight,COMPLETED,Scope and APEX controls loaded
bridge,COMPLETED,Payload HTTP bridge and atomic derived publication implemented
runtime-proof,COMPLETED,Live sync and Gateway read API proof passed
browser-proof,COMPLETED,Desktop and mobile ownership/read-only proof passed
cleanup,COMPLETED,Disposable proof listeners stopped and ports verified clean
report-freeze,COMPLETED,Credential-free report package created
git-closeout,PENDING,Commit and push resolve after report freeze
real-payload-acceptance,COMPLETED,Real Payload REST serialization and Gateway runtime lifecycle proof passed
source-correction-commit,COMPLETED,fix(cms): correct real Payload bridge contract at 89335a1d4c7a133e6e3f200e77e5943890e40a35
disposable-cleanup,COMPLETED,Isolated databases dropped and temporary acceptance artifacts removed
evidence-freeze,COMPLETED,Credential-free addendum and manifest verification prepared for evidence commit
